match_id,tournament,minute,x,y,distance,angle,is_header,first_time,under_pressure,one_on_one,from_free_kick,from_counter,from_set_piece,statsbomb_xg,is_goal
3857276,FIFA World Cup 2022,2,96.5,40.7,23.51,0.3369,0,1,1,0,0,0,0,0.038882375,0
3857276,FIFA World Cup 2022,3,83.9,45.0,36.445,0.2166,0,1,0,0,0,0,1,0.024477394,1
3857276,FIFA World Cup 2022,8,86.8,38.4,33.239,0.2393,0,0,0,0,1,0,1,0.02207015,0
3857276,FIFA World Cup 2022,9,107.0,48.3,15.424,0.4383,0,0,0,0,0,0,1,0.06158555,0
3857276,FIFA World Cup 2022,14,113.3,34.9,8.42,0.7734,0,1,0,0,0,1,0,0.27914461,0
3857276,FIFA World Cup 2022,15,97.5,54.0,26.5,0.2565,0,0,0,0,0,0,0,0.022624016,0
3857276,FIFA World Cup 2022,22,107.6,53.2,18.111,0.3078,0,0,0,1,0,0,1,0.10405799,1
3857276,FIFA World Cup 2022,32,107.9,34.2,13.418,0.5331,0,1,0,0,0,0,0,0.09711841,0
3857276,FIFA World Cup 2022,47,106.8,46.7,14.803,0.4794,0,1,0,0,0,0,1,0.094470315,0
3857276,FIFA World Cup 2022,57,105.1,41.2,14.948,0.5215,0,1,0,0,0,0,0,0.051903803,0
3857276,FIFA World Cup 2022,70,112.2,37.7,8.132,0.894,1,0,1,0,0,0,1,0.086874224,0
3857276,FIFA World Cup 2022,70,118.8,41.6,2.0,2.4669,1,0,1,0,0,0,1,0.638813,0
3857271,FIFA World Cup 2022,7,115.4,29.4,11.555,0.3035,0,1,0,0,0,0,1,0.23307544,0
3857271,FIFA World Cup 2022,26,101.1,55.3,24.317,0.257,0,0,0,0,0,0,0,0.028282227,0
3857271,FIFA World Cup 2022,29,113.4,49.1,11.241,0.4462,0,1,0,0,0,0,1,0.06697492,0
3857271,FIFA World Cup 2022,31,110.5,40.7,9.526,0.7938,1,0,1,0,0,0,1,0.06988547,0
3857271,FIFA World Cup 2022,34,112.0,38.0,8.246,0.8885,1,0,1,0,0,0,0,0.08285139,1
3857271,FIFA World Cup 2022,42,104.1,38.5,15.971,0.489,0,1,0,0,0,0,1,0.061030492,1
3857271,FIFA World Cup 2022,45,111.0,42.8,9.425,0.7796,0,1,0,0,0,0,0,0.1885282,1
3857271,FIFA World Cup 2022,55,106.4,48.8,16.199,0.4158,0,1,0,0,0,0,0,0.11232807,0
3857271,FIFA World Cup 2022,50,93.9,27.7,28.853,0.2504,0,0,0,0,1,0,1,0.042866398,0
3857271,FIFA World Cup 2022,58,97.9,25.1,26.654,0.2493,0,1,0,0,0,0,1,0.021548782,0
3857271,FIFA World Cup 2022,60,83.8,35.5,36.479,0.2168,0,0,0,0,0,0,0,0.0065368367,0
3857271,FIFA World Cup 2022,61,105.3,46.3,15.993,0.456,0,0,0,0,0,0,0,0.080026746,1
3857271,FIFA World Cup 2022,64,109.7,48.0,13.042,0.4911,0,1,1,0,0,0,1,0.065701395,1
3857271,FIFA World Cup 2022,69,103.5,32.3,18.208,0.3962,0,0,0,0,0,0,1,0.045791544,0
3857271,FIFA World Cup 2022,69,97.8,34.8,22.801,0.3389,0,1,0,0,0,0,1,0.028478073,0
3857271,FIFA World Cup 2022,70,109.7,47.7,12.86,0.5041,0,0,0,0,0,0,0,0.40810898,1
3857271,FIFA World Cup 2022,76,105.1,54.6,20.861,0.2771,0,1,1,0,0,1,0,0.06202265,0
3857271,FIFA World Cup 2022,83,108.6,50.7,15.635,0.3798,0,0,0,0,0,0,0,0.0776978,0
3857271,FIFA World Cup 2022,89,112.0,39.9,8.001,0.9272,0,1,0,0,0,0,1,0.6262809,1
3857271,FIFA World Cup 2022,97,110.9,30.5,13.155,0.434,0,0,0,1,0,0,0,0.35130003,0
3857296,FIFA World Cup 2022,0,102.9,23.8,23.555,0.2486,0,0,0,0,0,0,0,0.03397081,0
3857296,FIFA World Cup 2022,9,105.3,27.8,19.103,0.3251,0,0,0,0,0,0,1,0.05519996,0
3857296,FIFA World Cup 2022,10,117.0,29.2,11.209,0.2155,0,0,0,0,0,0,1,0.020840297,0
3857296,FIFA World Cup 2022,12,105.2,33.9,16.008,0.4579,0,1,1,0,0,1,0,0.1934709,0
3857296,FIFA World Cup 2022,24,92.7,34.9,27.772,0.2815,0,0,0,0,0,0,0,0.025340356,0
3857296,FIFA World Cup 2022,32,99.8,36.6,20.484,0.3808,0,0,0,0,0,0,1,0.054300383,0
3857296,FIFA World Cup 2022,32,112.2,42.5,8.191,0.8847,1,0,1,0,0,0,1,0.104244776,0
3857296,FIFA World Cup 2022,41,116.9,49.2,9.708,0.3069,0,1,0,0,0,0,0,0.108029366,0
3857296,FIFA World Cup 2022,44,94.9,25.7,28.888,0.2406,0,0,0,0,0,0,0,0.024362085,0
3857296,FIFA World Cup 2022,48,108.5,38.0,11.673,0.6531,1,0,0,0,0,0,1,0.08771692,0
3857296,FIFA World Cup 2022,48,103.1,51.5,20.442,0.3245,0,1,0,0,0,0,1,0.041306578,0
3857296,FIFA World Cup 2022,47,100.9,28.3,22.399,0.3048,0,1,0,0,0,0,1,0.026916144,0
3857296,FIFA World Cup 2022,48,117.5,34.2,6.316,0.697,1,0,1,0,0,0,1,0.1189759,0
3857296,FIFA World Cup 2022,49,103.9,29.2,19.387,0.3437,0,0,0,0,0,0,0,0.07960723,0
3857296,FIFA World Cup 2022,49,94.7,35.3,25.733,0.3035,0,0,0,0,0,0,1,0.024012579,0
3857296,FIFA World Cup 2022,50,100.9,32.5,20.52,0.3607,0,0,1,0,0,0,0,0.048855886,0
3857296,FIFA World Cup 2022,53,100.6,37.7,19.536,0.4014,0,1,1,0,0,0,0,0.10219261,0
3857296,FIFA World Cup 2022,53,105.6,52.9,19.333,0.3115,0,0,1,0,0,0,1,0.071706615,0
3857296,FIFA World Cup 2022,59,112.8,36.3,8.095,0.8606,0,0,0,0,0,0,0,0.09935363,0
3857296,FIFA World Cup 2022,59,110.7,45.1,10.607,0.6568,0,1,1,0,0,0,0,0.19960539,0
3857296,FIFA World Cup 2022,61,113.1,42.1,7.212,0.9926,1,0,0,0,0,0,0,0.30245224,0
3857296,FIFA World Cup 2022,67,106.7,39.0,13.338,0.5814,0,0,0,0,0,0,1,0.07160131,0
3857296,FIFA World Cup 2022,68,111.9,60.4,21.949,0.1382,0,1,1,0,0,0,0,0.0061408128,0
3857296,FIFA World Cup 2022,77,112.6,36.5,8.186,0.8596,1,0,1,0,0,0,1,0.07045005,0
3857296,FIFA World Cup 2022,86,110.5,53.1,16.182,0.2998,0,1,0,0,0,0,1,0.04308796,0
3857296,FIFA World Cup 2022,86,115.5,43.8,5.89,1.0919,0,0,0,0,0,0,1,0.4909717,0
3857296,FIFA World Cup 2022,89,117.4,37.3,3.748,1.6643,0,0,0,0,0,0,0,0.5721495,0
3857274,FIFA World Cup 2022,5,100.6,31.0,21.386,0.3381,0,0,0,0,0,0,1,0.059259485,1
3857274,FIFA World Cup 2022,10,107.0,30.0,16.401,0.39,0,1,0,0,0,0,1,0.062208217,0
3857274,FIFA World Cup 2022,23,94.8,37.9,25.287,0.3127,0,0,0,0,0,0,1,0.030668529,0
3857274,FIFA World Cup 2022,26,112.1,34.6,9.569,0.6965,0,1,0,0,0,0,0,0.069653474,0
3857274,FIFA World Cup 2022,31,100.6,23.5,25.468,0.2406,0,0,0,0,0,0,0,0.029882463,0
3857274,FIFA World Cup 2022,46,110.2,47.9,12.588,0.5031,1,0,1,0,0,0,1,0.024015462,0
3857274,FIFA World Cup 2022,47,100.6,54.0,23.924,0.272,0,1,1,0,0,0,1,0.022953799,0
3857274,FIFA World Cup 2022,47,112.0,44.1,8.989,0.7791,0,0,0,0,0,0,1,0.18923391,0
3857274,FIFA World Cup 2022,48,105.8,28.7,18.147,0.3478,0,0,0,0,0,0,0,0.08083876,0
3857274,FIFA World Cup 2022,48,116.0,38.1,4.428,1.4585,0,1,0,0,0,1,0,0.790909,1
3857274,FIFA World Cup 2022,58,102.0,37.5,18.173,0.4297,0,1,0,0,0,0,1,0.09564507,0
3857274,FIFA World Cup 2022,58,104.2,52.6,20.209,0.3116,0,0,0,0,0,0,1,0.046335444,0
3857274,FIFA World Cup 2022,63,105.1,38.0,15.034,0.5162,0,1,1,0,0,0,0,0.13418972,0
3857274,FIFA World Cup 2022,65,96.5,40.9,23.517,0.3367,0,1,0,0,0,0,0,0.04520454,0
3857274,FIFA World Cup 2022,72,103.2,29.4,19.865,0.3411,0,0,1,0,0,0,0,0.03323832,0
3857274,FIFA World Cup 2022,80,95.3,57.9,30.504,0.2128,0,1,0,0,0,0,1,0.007451811,0
3857274,FIFA World Cup 2022,91,98.9,38.2,21.177,0.3721,1,0,0,0,0,0,1,0.033830326,0
3857255,FIFA World Cup 2022,6,97.0,46.1,23.795,0.3227,0,0,0,0,0,0,0,0.03268242,0
3857255,FIFA World Cup 2022,7,114.0,53.5,14.773,0.233,0,0,0,0,0,0,0,0.04214545,0
3857255,FIFA World Cup 2022,8,109.9,35.6,11.017,0.6542,1,0,0,0,0,0,1,0.06376064,0
3857255,FIFA World Cup 2022,11,115.3,38.3,4.998,1.3364,1,0,1,0,0,0,0,0.33106714,1
3857255,FIFA World Cup 2022,22,104.7,51.6,19.2,0.3341,0,1,0,0,0,0,0,0.10093839,0
3857255,FIFA World Cup 2022,35,107.0,54.5,19.474,0.2788,0,0,0,0,0,0,0,0.03356069,0
3857255,FIFA World Cup 2022,41,102.8,35.2,17.857,0.4264,0,0,0,0,0,0,0,0.10385344,0
3857255,FIFA World Cup 2022,47,100.5,55.8,25.098,0.2488,0,0,0,0,0,0,0,0.027777622,1
3857255,FIFA World Cup 2022,50,118.7,40.2,1.315,2.5118,0,0,0,0,0,0,1,0.87261814,1
3857255,FIFA World Cup 2022,69,100.5,36.3,19.848,0.3915,0,1,0,0,0,1,0,0.13121767,0
3857255,FIFA World Cup 2022,73,104.8,23.5,22.434,0.2445,0,0,0,0,0,0,1,0.016301522,0
3857255,FIFA World Cup 2022,79,86.3,46.3,34.284,0.2285,0,0,0,0,0,0,1,0.01649772,0
3857255,FIFA World Cup 2022,82,104.0,39.0,16.031,0.4882,1,0,0,1,0,0,1,0.0504811,0
3857255,FIFA World Cup 2022,84,96.8,52.1,26.166,0.2708,0,0,0,0,0,0,0,0.02842248,0
3857255,FIFA World Cup 2022,88,97.9,27.0,25.64,0.269,0,0,0,0,0,0,1,0.0241939,0
3857255,FIFA World Cup 2022,88,94.8,61.9,33.386,0.1815,0,0,0,0,0,0,1,0.007735879,0
3857255,FIFA World Cup 2022,89,111.0,52.0,15.0,0.3318,0,1,0,0,0,0,1,0.12373556,0
3857255,FIFA World Cup 2022,95,94.2,57.0,30.897,0.2164,0,0,0,0,0,0,1,0.008523117,0
3857272,FIFA World Cup 2022,9,108.9,42.6,11.4,0.6619,0,1,0,0,0,0,1,0.10607713,0
3857272,FIFA World Cup 2022,9,109.2,38.6,10.89,0.6999,1,0,1,0,0,0,1,0.04222343,0
3857272,FIFA World Cup 2022,10,94.2,27.2,28.801,0.2485,0,1,0,0,0,0,1,0.019677445,0
3857272,FIFA World Cup 2022,16,108.1,43.9,12.523,0.5945,1,0,1,0,0,0,0,0.048006557,0
3857272,FIFA World Cup 2022,25,110.5,39.5,9.513,0.7954,0,1,0,0,0,0,1,0.18268152,0
3857272,FIFA World Cup 2022,28,93.0,25.1,30.838,0.227,0,0,0,0,0,0,1,0.016826272,0
3857272,FIFA World Cup 2022,32,106.4,24.4,20.696,0.258,0,0,0,0,0,0,0,0.023374733,0
3857272,FIFA World Cup 2022,40,108.6,51.2,15.981,0.364,0,0,0,0,0,0,1,0.056137927,0
3857272,FIFA World Cup 2022,42,110.0,42.8,10.385,0.7166,1,0,1,0,0,0,1,0.05394238,0
3857272,FIFA World Cup 2022,44,113.2,36.1,7.839,0.8748,0,1,1,0,0,0,1,0.08680134,0
3857272,FIFA World Cup 2022,45,100.1,32.9,21.129,0.3543,0,1,0,0,0,0,0,0.0710417,0
3857272,FIFA World Cup 2022,48,106.5,28.3,17.864,0.3423,0,0,0,0,0,1,0,0.0422633,0
3857272,FIFA World Cup 2022,48,99.2,53.9,25.017,0.2664,0,0,0,0,0,0,0,0.032319076,0
3857272,FIFA World Cup 2022,57,98.8,24.7,26.144,0.2488,0,0,0,0,0,0,0,0.025169194,0
3857272,FIFA World Cup 2022,61,95.3,40.1,24.7,0.3211,0,0,0,0,0,0,1,0.033566043,0
3857272,FIFA World Cup 2022,86,105.3,20.7,24.261,0.2026,0,0,0,0,0,0,1,0.009332121,0
3857272,FIFA World Cup 2022,90,109.9,37.5,10.405,0.7193,1,0,1,0,0,0,1,0.05556727,0
3857272,FIFA World Cup 2022,92,111.2,40.8,8.836,0.8481,1,0,1,0,0,0,1,0.06991791,0
3857278,FIFA World Cup 2022,8,100.5,38.2,19.583,0.4014,0,0,0,0,0,0,1,0.045798708,0
3857278,FIFA World Cup 2022,10,110.1,35.6,10.834,0.6632,1,0,1,0,0,0,1,0.080380306,0
3857278,FIFA World Cup 2022,27,99.0,32.1,22.437,0.3319,0,0,0,0,0,0,1,0.040954046,0
3857278,FIFA World Cup 2022,27,109.7,35.9,11.086,0.6567,1,0,0,0,0,0,1,0.12157792,0
3857278,FIFA World Cup 2022,29,101.3,48.2,20.419,0.3571,0,0,0,0,0,0,0,0.05512647,0
3857278,FIFA World Cup 2022,32,108.7,54.1,18.069,0.2833,0,1,0,0,0,0,1,0.04585104,0
3857278,FIFA World Cup 2022,36,102.0,50.5,20.839,0.3316,0,1,0,0,0,0,1,0.043695714,0
3857278,FIFA World Cup 2022,37,115.1,38.7,5.07,1.3282,0,1,0,0,0,0,0,0.5303789,1
3857278,FIFA World Cup 2022,41,114.2,56.9,17.868,0.1518,0,0,0,1,0,0,0,0.011004616,0
3857278,FIFA World Cup 2022,46,110.0,25.2,17.862,0.2581,0,1,0,0,0,0,0,0.05674209,0
3857278,FIFA World Cup 2022,51,114.1,38.7,6.042,1.1611,1,0,1,0,0,0,1,0.39133456,0
3857278,FIFA World Cup 2022,68,97.0,43.3,23.236,0.3378,0,0,0,0,1,0,1,0.080397844,0
3857278,FIFA World Cup 2022,69,90.8,21.8,34.408,0.1974,0,0,0,0,0,0,1,0.006830182,0
3857278,FIFA World Cup 2022,92,111.0,35.6,10.018,0.7065,1,0,1,0,0,0,1,0.21722858,0
3857278,FIFA World Cup 2022,97,111.1,39.5,8.914,0.8428,0,1,0,0,0,0,1,0.30539662,0
3857278,FIFA World Cup 2022,99,105.1,23.9,21.937,0.2508,0,1,0,0,0,0,0,0.057746947,0
3857277,FIFA World Cup 2022,6,96.9,32.0,24.446,0.3077,0,0,1,0,0,0,0,0.026111592,0
3857277,FIFA World Cup 2022,12,101.9,43.3,18.398,0.422,0,0,0,0,0,0,0,0.052363984,0
3857277,FIFA World Cup 2022,16,82.9,33.6,37.648,0.2087,0,0,0,0,0,0,1,0.00976612,0
3857277,FIFA World Cup 2022,18,96.7,46.7,24.244,0.3151,0,0,0,0,0,0,1,0.04188839,0
3857277,FIFA World Cup 2022,20,94.5,37.4,25.632,0.3081,0,0,0,0,1,0,1,0.06625415,0
3857277,FIFA World Cup 2022,24,117.8,31.5,8.78,0.2805,0,0,1,0,0,0,1,0.03416934,0
3857277,FIFA World Cup 2022,45,114.7,35.7,6.825,0.946,0,1,0,0,0,0,1,0.44776994,0
3857277,FIFA World Cup 2022,46,105.2,33.9,16.008,0.4579,0,1,0,0,0,0,1,0.06879163,0
3857277,FIFA World Cup 2022,46,98.8,39.3,21.212,0.3726,0,1,0,0,0,0,1,0.073204115,0
3857277,FIFA World Cup 2022,50,94.0,38.6,26.038,0.3044,0,0,0,0,0,0,0,0.042848527,0
3857277,FIFA World Cup 2022,50,115.3,29.2,11.778,0.2973,1,0,1,1,0,1,0,0.07962643,0
3857277,FIFA World Cup 2022,51,112.7,38.8,7.398,0.9852,0,1,0,0,0,0,1,0.2503287,0
3857277,FIFA World Cup 2022,64,88.5,31.5,32.627,0.2359,0,1,0,0,0,0,1,0.019376563,0
3857273,FIFA World Cup 2022,2,99.5,23.0,26.632,0.2323,0,0,1,0,0,0,0,0.023614733,0
3857273,FIFA World Cup 2022,6,97.2,31.2,24.439,0.3041,0,0,0,0,0,0,0,0.035244513,0
3857273,FIFA World Cup 2022,11,111.6,44.5,9.529,0.7319,0,1,0,0,0,0,1,0.12850787,0
3857273,FIFA World Cup 2022,19,95.5,34.0,25.224,0.3061,0,0,0,0,0,1,0,0.017788952,0
3857273,FIFA World Cup 2022,22,109.6,34.7,11.673,0.6053,1,0,1,0,0,0,1,0.07202582,0
3857273,FIFA World Cup 2022,28,88.9,36.5,31.296,0.2527,0,1,0,0,0,0,1,0.02170084,0
3857273,FIFA World Cup 2022,41,105.5,25.4,20.577,0.2774,0,1,0,0,0,0,0,0.030164797,0
3857273,FIFA World Cup 2022,48,105.7,38.8,14.35,0.5421,0,1,0,0,0,0,1,0.08566745,0
3857273,FIFA World Cup 2022,49,86.4,48.2,34.586,0.2239,0,0,0,0,0,0,1,0.011584845,0
3857273,FIFA World Cup 2022,50,110.0,49.7,13.932,0.4222,0,0,1,1,0,1,0,0.28799564,0
3857273,FIFA World Cup 2022,51,97.2,48.0,24.163,0.3108,0,0,0,0,0,0,0,0.04282673,0
3857273,FIFA World Cup 2022,51,111.0,36.2,9.769,0.7363,1,0,0,1,0,1,0,0.21401532,0
3857273,FIFA World Cup 2022,52,114.4,39.9,5.601,1.2403,1,0,0,0,0,0,0,0.22100283,0
3857273,FIFA World Cup 2022,55,104.6,33.1,16.875,0.4298,0,1,0,0,0,0,1,0.068153165,0
3857273,FIFA World Cup 2022,63,107.1,29.4,16.696,0.3742,0,0,1,0,0,1,0,0.075855605,0
3857273,FIFA World Cup 2022,69,90.5,45.6,30.027,0.2604,0,1,1,0,0,0,0,0.015279148,0
3857273,FIFA World Cup 2022,71,100.8,38.5,19.259,0.4085,0,1,0,0,0,0,1,0.05160931,0
3857273,FIFA World Cup 2022,72,99.5,49.3,22.511,0.3225,0,0,0,0,0,0,0,0.047915842,0
3857273,FIFA World Cup 2022,74,85.8,53.5,36.768,0.202,0,0,0,0,0,0,1,0.0072957636,0
3857273,FIFA World Cup 2022,82,104.0,53.9,21.195,0.2873,0,1,0,0,0,0,0,0.025361432,0
3857273,FIFA World Cup 2022,82,98.6,51.1,24.107,0.2941,0,1,0,0,0,0,0,0.031851415,0
3857273,FIFA World Cup 2022,82,101.7,30.8,20.482,0.348,0,1,0,0,0,0,0,0.053537875,0
3857273,FIFA World Cup 2022,87,99.5,36.2,20.849,0.3733,0,1,0,0,0,0,1,0.06399969,0
3857273,FIFA World Cup 2022,87,99.1,39.0,20.924,0.3774,0,0,0,0,0,0,1,0.051057886,0
3857273,FIFA World Cup 2022,95,89.9,45.0,30.512,0.2573,0,1,0,0,0,0,1,0.020104993,0
3857273,FIFA World Cup 2022,95,114.4,52.4,13.606,0.259,0,0,1,1,0,0,1,0.059788406,0
3857273,FIFA World Cup 2022,95,98.3,52.1,24.846,0.2811,0,0,0,0,0,0,0,0.031046849,0
3857273,FIFA World Cup 2022,96,99.2,46.5,21.792,0.3479,0,0,0,0,0,0,0,0.031239294,0
3857273,FIFA World Cup 2022,97,91.4,24.9,32.341,0.2186,0,0,0,0,0,0,1,0.011336825,0
3857273,FIFA World Cup 2022,97,95.1,37.5,25.025,0.3155,0,0,0,0,0,0,1,0.03268815,1
3857273,FIFA World Cup 2022,100,104.8,45.3,16.098,0.4638,0,0,0,0,0,1,0,0.19933115,1
3857275,FIFA World Cup 2022,24,112.3,29.9,12.7,0.401,0,0,0,0,0,0,0,0.08786314,0
3857275,FIFA World Cup 2022,29,110.9,41.0,9.155,0.8209,1,0,0,0,0,0,1,0.1007914,0
3857275,FIFA World Cup 2022,34,95.1,52.3,27.772,0.2579,0,0,0,0,0,0,1,0.016592033,0
3857275,FIFA World Cup 2022,46,99.9,53.4,24.157,0.2761,0,0,0,0,0,0,1,0.041162748,0
3857275,FIFA World Cup 2022,46,97.9,19.8,29.941,0.1982,0,0,0,0,0,0,0,0.010898009,0
3857275,FIFA World Cup 2022,51,114.8,22.4,18.352,0.129,0,0,0,1,0,0,1,0.013856714,0
3857275,FIFA World Cup 2022,57,103.3,37.8,16.844,0.4629,0,0,1,0,0,0,0,0.15620883,1
3857275,FIFA World Cup 2022,79,111.3,41.5,8.828,0.8436,1,0,1,0,0,0,1,0.061025612,0
3857275,FIFA World Cup 2022,81,113.8,47.7,9.886,0.5455,0,1,0,0,0,0,1,0.080746524,0
3857275,FIFA World Cup 2022,81,95.9,53.5,27.624,0.2526,0,0,0,0,0,0,1,0.020325886,0
3857275,FIFA World Cup 2022,84,108.7,29.1,15.7,0.3738,0,0,0,0,0,0,0,0.06369618,0
3857275,FIFA World Cup 2022,88,116.8,24.7,15.631,0.1117,0,0,0,0,0,0,0,0.01194291,0
3857275,FIFA World Cup 2022,89,96.4,37.1,23.778,0.331,0,0,0,0,0,0,1,0.041042205,0
3857275,FIFA World Cup 2022,92,95.6,30.2,26.294,0.2813,0,0,0,0,1,0,1,0.06416701,0
3857275,FIFA World Cup 2022,92,87.6,15.0,40.924,0.155,0,0,0,0,0,0,1,0.005017159,0
3857261,FIFA World Cup 2022,9,104.0,39.5,16.008,0.4895,0,1,0,0,0,0,1,0.28441095,0
3857261,FIFA World Cup 2022,14,97.4,54.6,26.906,0.2501,0,0,0,0,0,0,1,0.02354375,0
3857261,FIFA World Cup 2022,17,120.0,54.6,14.6,0.0,1,0,1,1,0,0,1,0.01084097,0
3857261,FIFA World Cup 2022,23,98.2,19.5,29.925,0.1958,0,0,0,0,0,0,1,0.010357286,0
3857261,FIFA World Cup 2022,37,105.5,47.4,16.279,0.436,0,0,0,0,0,0,0,0.05725451,0
3857261,FIFA World Cup 2022,38,94.1,47.0,26.829,0.2863,0,1,0,0,0,0,0,0.022615774,0
3857261,FIFA World Cup 2022,38,108.4,35.0,12.632,0.5739,0,1,0,0,0,0,0,0.081256144,0
3857261,FIFA World Cup 2022,43,101.5,35.7,18.993,0.4055,0,1,0,0,0,0,1,0.028181294,0
3857261,FIFA World Cup 2022,47,101.2,27.6,22.521,0.2971,0,0,0,0,0,0,0,0.030065771,0
3857261,FIFA World Cup 2022,47,112.8,55.4,17.0,0.2079,1,0,1,0,0,0,1,0.006450981,0
3857261,FIFA World Cup 2022,49,100.7,51.3,22.365,0.3087,0,0,0,0,0,0,1,0.04109325,0
3857261,FIFA World Cup 2022,49,96.1,29.3,26.186,0.2781,0,0,0,0,1,0,1,0.05780817,1
3857261,FIFA World Cup 2022,50,114.5,34.1,8.066,0.7311,0,1,0,0,0,0,0,0.44030064,1
3857261,FIFA World Cup 2022,55,90.1,22.3,34.746,0.1982,0,0,0,0,0,1,0,0.00753591,0
3857261,FIFA World Cup 2022,67,109.9,50.3,14.426,0.3982,0,0,0,0,0,0,1,0.096602984,1
3857261,FIFA World Cup 2022,71,110.3,52.4,15.743,0.323,0,1,0,0,0,0,0,0.13184288,0
3857261,FIFA World Cup 2022,72,104.5,57.3,23.228,0.2326,0,0,0,0,0,0,0,0.02192258,0
3857261,FIFA World Cup 2022,76,104.3,32.8,17.272,0.4186,0,1,0,0,0,1,0,0.25030845,0
3857261,FIFA World Cup 2022,76,112.7,29.3,12.953,0.3673,0,1,0,0,0,1,0,0.24362406,0
3857261,FIFA World Cup 2022,76,116.1,39.5,3.932,1.5881,0,1,0,0,0,1,0,0.6100251,0
3857261,FIFA World Cup 2022,82,92.6,52.6,30.158,0.2406,0,0,0,0,1,0,1,0.031328887,0
3857261,FIFA World Cup 2022,83,98.3,26.1,25.77,0.2617,0,1,0,0,0,0,1,0.025066664,0
3857261,FIFA World Cup 2022,86,102.1,34.6,18.697,0.4055,0,0,0,0,0,0,0,0.058446433,0
3857261,FIFA World Cup 2022,90,114.4,43.9,6.824,0.972,0,1,1,0,0,0,1,0.45507616,0
3857261,FIFA World Cup 2022,93,111.0,48.5,12.379,0.4831,0,1,0,0,0,0,1,0.09753507,0
3857290,FIFA World Cup 2022,9,109.4,22.7,20.289,0.2111,0,1,0,0,0,0,0,0.016072592,0
3857290,FIFA World Cup 2022,9,108.7,32.1,13.788,0.4789,0,1,0,0,0,0,0,0.15900026,0
3857290,FIFA World Cup 2022,11,88.1,28.2,34.012,0.2201,0,0,0,0,0,0,0,0.012105021,0
3857290,FIFA World Cup 2022,25,98.8,59.8,29.008,0.2026,0,0,0,0,0,0,0,0.009452554,0
3857290,FIFA World Cup 2022,29,110.6,53.8,16.697,0.2787,0,0,1,1,0,0,0,0.08237888,0
3857290,FIFA World Cup 2022,39,113.3,38.7,6.825,1.0523,1,0,1,0,0,0,1,0.19001445,0
3857290,FIFA World Cup 2022,40,105.2,53.5,20.032,0.2981,0,0,0,0,0,0,0,0.041722767,0
3857290,FIFA World Cup 2022,45,114.7,38.7,5.457,1.2566,1,0,0,0,0,0,1,0.15555824,0
3857290,FIFA World Cup 2022,47,111.9,39.5,8.115,0.915,0,1,1,0,0,0,1,0.55189455,1
3857290,FIFA World Cup 2022,49,116.1,35.1,6.263,0.931,1,0,0,0,0,0,1,0.24569963,0
3857290,FIFA World Cup 2022,56,119.2,47.9,7.94,0.1352,0,0,0,0,0,0,0,0.0123953605,0
3857290,FIFA World Cup 2022,65,107.5,44.3,13.219,0.5622,1,0,1,0,0,0,1,0.046351306,0
3857290,FIFA World Cup 2022,65,107.5,41.8,12.629,0.6087,0,1,0,0,0,0,0,0.1977995,0
3857290,FIFA World Cup 2022,88,96.2,37.3,23.953,0.329,0,0,0,0,0,0,0,0.048882935,0
3857290,FIFA World Cup 2022,94,108.0,45.8,13.328,0.5359,0,0,0,0,0,0,1,0.27028984,0
3857298,FIFA World Cup 2022,4,96.6,34.3,24.084,0.3204,0,1,0,0,0,0,1,0.02513017,0
3857298,FIFA World Cup 2022,5,98.1,36.6,22.162,0.3532,0,1,0,0,0,0,0,0.07171052,0
3857298,FIFA World Cup 2022,9,107.7,39.2,12.326,0.6266,0,0,0,1,0,0,0,0.4577736,0
3857298,FIFA World Cup 2022,12,116.3,43.7,5.233,1.2038,1,0,1,0,0,0,1,0.2074416,0
3857298,FIFA World Cup 2022,27,104.2,35.6,16.401,0.4633,0,1,0,0,0,0,1,0.07848694,0
3857298,FIFA World Cup 2022,35,99.9,32.5,21.454,0.3473,0,0,0,0,0,0,1,0.045895047,0
3857298,FIFA World Cup 2022,41,110.0,25.1,17.945,0.2557,0,1,0,0,0,0,0,0.030432492,0
3857298,FIFA World Cup 2022,53,88.8,44.2,31.481,0.2506,0,1,0,0,0,0,1,0.015372672,0
3857298,FIFA World Cup 2022,54,92.9,31.0,28.555,0.2648,0,0,0,0,0,0,1,0.030134441,0
3857298,FIFA World Cup 2022,66,91.1,47.3,29.808,0.259,0,0,0,0,0,0,1,0.020453067,0
3857298,FIFA World Cup 2022,68,92.4,52.5,30.299,0.2401,0,0,1,0,0,0,0,0.021057075,0
3857298,FIFA World Cup 2022,71,90.8,34.5,29.713,0.2632,0,0,0,0,0,0,0,0.02159481,0
3857298,FIFA World Cup 2022,72,115.6,39.8,4.405,1.4745,0,1,0,0,0,0,0,0.48524466,1
3857298,FIFA World Cup 2022,77,107.5,52.6,17.749,0.3227,0,0,0,1,0,0,0,0.21504128,1
3857298,FIFA World Cup 2022,79,111.7,28.3,14.345,0.3366,0,1,0,0,0,0,0,0.15539157,1
3857298,FIFA World Cup 2022,88,113.5,40.2,6.503,1.1027,1,0,0,0,0,0,1,0.15547352,1
3857298,FIFA World Cup 2022,91,106.9,30.6,16.124,0.4057,1,0,1,0,0,0,1,0.02431712,0
3857298,FIFA World Cup 2022,95,95.5,29.9,26.5,0.2782,0,0,0,0,0,0,0,0.026070174,0
3857298,FIFA World Cup 2022,97,103.3,12.6,32.088,0.131,0,0,0,0,0,0,1,0.0063759447,0
3857285,FIFA World Cup 2022,0,107.0,27.1,18.314,0.3148,0,0,0,0,0,0,0,0.034865376,0
3857285,FIFA World Cup 2022,3,103.2,34.3,17.741,0.4228,0,1,0,0,0,0,1,0.12169348,0
3857285,FIFA World Cup 2022,8,97.5,44.1,22.871,0.3411,0,0,1,0,0,0,0,0.059537582,0
3857285,FIFA World Cup 2022,16,112.8,32.9,10.112,0.5888,1,0,1,0,0,0,1,0.04866169,0
3857285,FIFA World Cup 2022,18,98.3,44.3,22.122,0.3515,0,0,1,0,0,0,1,0.03382374,0
3857285,FIFA World Cup 2022,24,102.7,25.9,22.318,0.2796,0,0,0,0,0,0,1,0.034923773,0
3857285,FIFA World Cup 2022,26,109.4,38.0,10.787,0.7016,1,0,1,0,0,0,1,0.045367446,0
3857285,FIFA World Cup 2022,28,100.9,48.4,20.866,0.3494,0,0,0,0,0,0,1,0.025139945,0
3857285,FIFA World Cup 2022,28,100.0,56.6,25.992,0.238,0,0,0,0,0,0,1,0.03131155,0
3857285,FIFA World Cup 2022,32,84.7,54.0,37.975,0.1955,0,0,0,0,0,0,1,0.0068181115,0
3857285,FIFA World Cup 2022,39,97.2,47.3,23.94,0.3164,0,0,0,0,0,0,0,0.030127633,0
3857285,FIFA World Cup 2022,52,111.1,40.2,8.902,0.8445,1,0,1,0,0,0,1,0.06871433,0
3857285,FIFA World Cup 2022,53,96.9,57.9,29.224,0.217,0,0,0,0,0,0,1,0.011074076,0
3857285,FIFA World Cup 2022,57,115.2,50.5,11.545,0.3164,0,1,0,0,0,0,0,0.058196757,0
3857285,FIFA World Cup 2022,59,95.3,32.8,25.728,0.2969,0,0,0,0,0,0,0,0.038496487,0
3857285,FIFA World Cup 2022,64,107.6,56.5,20.64,0.2374,0,1,0,0,0,0,1,0.04221427,0
3857285,FIFA World Cup 2022,72,103.3,40.4,16.705,0.4699,0,0,1,0,0,0,0,0.06520781,0
3857285,FIFA World Cup 2022,74,104.3,31.7,17.759,0.3972,0,1,0,0,0,0,0,0.07416881,0
3857285,FIFA World Cup 2022,81,111.3,40.6,8.721,0.8589,1,0,1,0,0,0,0,0.06430619,0
3857285,FIFA World Cup 2022,83,112.3,39.0,7.765,0.9474,1,0,0,1,0,0,0,0.28603274,1
3857285,FIFA World Cup 2022,85,93.8,56.8,31.124,0.2166,0,0,0,0,0,0,1,0.008650101,0
3857285,FIFA World Cup 2022,91,91.0,27.5,31.579,0.2322,0,1,0,0,0,0,0,0.014392905,0
3857285,FIFA World Cup 2022,92,112.8,35.7,8.386,0.8146,1,0,0,1,0,0,1,0.16068545,0
3857285,FIFA World Cup 2022,98,101.2,50.1,21.341,0.3298,0,0,0,0,0,0,0,0.102816984,0
3857285,FIFA World Cup 2022,98,109.5,34.8,11.717,0.6057,0,1,0,0,0,0,0,0.34814927,1
3857282,FIFA World Cup 2022,9,116.0,35.3,6.172,0.9666,1,0,0,0,0,0,1,0.25332773,0
3857282,FIFA World Cup 2022,13,87.6,43.1,32.548,0.2435,0,0,0,0,0,0,1,0.013776194,0
3857282,FIFA World Cup 2022,28,90.9,56.6,33.502,0.2074,0,0,0,0,0,0,1,0.0066337776,0
3857282,FIFA World Cup 2022,35,107.7,37.8,12.495,0.6122,0,1,1,0,0,1,0,0.20100605,1
3857282,FIFA World Cup 2022,44,114.7,37.5,5.86,1.1626,1,0,1,0,0,0,1,0.14399761,0
3857282,FIFA World Cup 2022,60,93.4,42.2,26.691,0.2966,0,0,0,0,0,0,1,0.032130886,0
3857282,FIFA World Cup 2022,63,109.2,38.3,10.933,0.6955,1,0,0,0,0,0,1,0.18666926,0
3857282,FIFA World Cup 2022,64,116.3,43.4,5.025,1.2679,1,0,0,0,0,0,1,0.19270518,0
3857282,FIFA World Cup 2022,74,106.6,46.9,15.072,0.4697,1,0,1,0,0,0,0,0.027433796,0
3857282,FIFA World Cup 2022,76,116.3,46.7,7.654,0.6075,1,0,1,0,0,0,1,0.09428854,0
3857282,FIFA World Cup 2022,88,109.9,56.2,19.091,0.2279,0,0,0,0,0,1,0,0.042556882,0
3857282,FIFA World Cup 2022,91,92.8,35.5,27.57,0.2845,0,0,0,0,0,0,1,0.019808901,0
3857297,FIFA World Cup 2022,7,91.6,24.8,32.212,0.2188,0,0,0,0,0,0,0,0.012477021,0
3857297,FIFA World Cup 2022,12,105.5,54.5,20.506,0.2793,0,1,0,0,0,0,1,0.03839731,0
3857297,FIFA World Cup 2022,25,111.7,39.3,8.329,0.8937,1,0,1,0,0,0,1,0.075333446,0
3857297,FIFA World Cup 2022,32,108.5,45.0,12.54,0.5773,1,0,0,0,0,0,1,0.044610713,0
3857297,FIFA World Cup 2022,38,111.9,44.7,9.365,0.7349,0,1,0,0,0,0,0,0.23496674,1
3857297,FIFA World Cup 2022,40,112.9,58.5,19.816,0.1497,0,0,0,1,0,0,0,0.009729679,0
3857297,FIFA World Cup 2022,45,112.7,32.9,10.183,0.5875,0,1,0,0,0,0,0,0.35719204,0
3857297,FIFA World Cup 2022,50,85.9,24.5,37.457,0.1942,0,0,0,0,0,0,1,0.005913877,0
3857297,FIFA World Cup 2022,50,104.2,39.3,15.815,0.495,0,1,0,0,0,0,1,0.03705331,0
3857297,FIFA World Cup 2022,53,97.6,21.6,28.988,0.2141,0,0,0,0,0,0,1,0.010959039,0
3857297,FIFA World Cup 2022,54,114.6,36.1,6.661,0.9897,0,0,0,0,0,0,0,0.16438472,0
3857297,FIFA World Cup 2022,54,97.0,40.0,23.0,0.3444,0,1,0,0,0,0,0,0.0391187,0
3857297,FIFA World Cup 2022,59,112.9,27.5,14.376,0.2895,0,0,1,1,0,0,0,0.11089649,0
3857297,FIFA World Cup 2022,60,107.3,49.4,15.8,0.4102,0,1,0,0,0,0,0,0.07597345,0
3857297,FIFA World Cup 2022,62,111.0,38.8,9.08,0.8255,1,0,0,0,0,0,0,0.13519733,0
3857297,FIFA World Cup 2022,65,115.1,44.4,6.586,0.9613,0,0,0,0,0,0,1,0.25903136,0
3857297,FIFA World Cup 2022,67,95.1,46.7,25.786,0.2978,0,0,0,0,1,0,1,0.0660456,0
3857297,FIFA World Cup 2022,68,96.0,34.2,24.691,0.3128,0,0,0,0,0,0,1,0.03677261,0
3857297,FIFA World Cup 2022,72,107.3,49.0,15.566,0.422,0,1,0,0,0,0,1,0.09536816,0
3857297,FIFA World Cup 2022,77,103.2,34.7,17.616,0.4284,0,1,0,0,0,0,0,0.10027991,0
3857297,FIFA World Cup 2022,80,107.4,41.4,12.678,0.6084,1,0,1,0,0,0,1,0.02819521,0
3857297,FIFA World Cup 2022,81,107.2,44.6,13.601,0.5448,0,0,0,1,0,0,0,0.47824246,1
3857297,FIFA World Cup 2022,86,118.0,48.2,8.44,0.2819,1,0,1,0,0,0,0,0.041744728,0
3857297,FIFA World Cup 2022,89,109.9,48.1,12.947,0.4896,0,0,0,1,0,0,1,0.4181081,0
3857297,FIFA World Cup 2022,95,95.3,32.9,25.7,0.2975,0,0,0,0,0,0,1,0.046656966,0
3857294,FIFA World Cup 2022,0,114.9,52.7,13.686,0.2338,0,1,0,0,0,0,0,0.04113277,0
3857294,FIFA World Cup 2022,2,89.6,52.0,32.683,0.2272,0,0,0,0,0,0,0,0.015712837,0
3857294,FIFA World Cup 2022,3,114.1,29.0,12.482,0.3256,0,1,0,0,0,0,0,0.10723932,0
3857294,FIFA World Cup 2022,3,115.2,28.6,12.369,0.2733,0,1,1,0,0,0,0,0.042171385,0
3857294,FIFA World Cup 2022,6,93.2,29.5,28.784,0.258,0,0,1,0,0,0,0,0.023612352,0
3857294,FIFA World Cup 2022,13,96.9,32.3,24.35,0.31,0,0,0,0,0,0,1,0.032602046,0
3857294,FIFA World Cup 2022,13,107.4,31.3,15.312,0.4323,0,1,0,0,0,0,1,0.14338174,0
3857294,FIFA World Cup 2022,18,113.0,44.5,8.322,0.8106,1,0,1,0,0,0,1,0.08364612,0
3857294,FIFA World Cup 2022,24,109.2,45.5,12.12,0.5834,0,1,0,0,0,0,1,0.067132466,0
3857294,FIFA World Cup 2022,25,113.6,30.5,11.455,0.4182,0,0,1,0,0,0,0,0.0753362,0
3857294,FIFA World Cup 2022,25,103.3,39.8,16.701,0.4701,0,0,1,0,0,0,0,0.14035599,1
3857294,FIFA World Cup 2022,28,93.9,39.3,26.109,0.3039,0,0,1,0,0,0,1,0.03016361,0
3857294,FIFA World Cup 2022,47,93.6,49.7,28.126,0.266,0,1,0,0,0,0,0,0.029451067,0
3857294,FIFA World Cup 2022,48,116.4,34.2,6.826,0.7551,0,0,1,1,0,0,0,0.2959347,0
3857294,FIFA World Cup 2022,48,117.6,40.3,2.419,2.0571,0,1,0,0,0,0,0,0.6883914,1
3857294,FIFA World Cup 2022,76,94.7,53.1,28.49,0.2491,0,0,0,0,0,0,0,0.024495702,0
3857294,FIFA World Cup 2022,87,88.8,53.2,33.877,0.2171,0,0,0,0,0,0,1,0.00621196,0
3857294,FIFA World Cup 2022,91,102.2,59.1,26.108,0.2107,0,0,0,0,0,0,0,0.010698183,0
3857266,FIFA World Cup 2022,5,97.8,38.0,22.29,0.3538,0,0,0,0,0,0,0,0.04759094,0
3857266,FIFA World Cup 2022,9,115.0,45.6,7.507,0.7809,1,0,1,0,0,0,1,0.10936305,0
3857266,FIFA World Cup 2022,12,112.4,46.9,10.265,0.5974,1,0,1,0,0,0,1,0.0425816,0
3857266,FIFA World Cup 2022,14,111.9,38.9,8.174,0.9057,1,0,1,0,0,0,0,0.11903284,0
3857266,FIFA World Cup 2022,20,108.9,44.3,11.904,0.615,1,0,0,0,0,0,1,0.04225832,0
3857266,FIFA World Cup 2022,29,109.0,56.2,19.582,0.2351,0,0,1,0,0,0,0,0.02881258,0
3857266,FIFA World Cup 2022,32,118.2,23.1,16.996,0.0527,0,0,1,1,0,1,0,0.010852635,0
3857266,FIFA World Cup 2022,32,99.7,39.1,20.32,0.3884,0,1,0,0,0,0,0,0.054124165,0
3857266,FIFA World Cup 2022,32,108.2,48.0,14.256,0.467,0,0,0,0,0,1,0,0.046849832,0
3857266,FIFA World Cup 2022,33,100.1,24.5,25.224,0.2512,0,0,0,0,0,0,0,0.02230111,0
3857266,FIFA World Cup 2022,35,107.4,55.8,20.209,0.2514,0,1,0,0,0,1,0,0.048269883,0
3857266,FIFA World Cup 2022,36,108.6,45.2,12.53,0.5741,1,0,1,0,0,0,0,0.045027424,0
3857266,FIFA World Cup 2022,39,106.0,43.8,14.507,0.5226,0,1,0,0,0,0,0,0.18605462,0
3857266,FIFA World Cup 2022,44,83.0,42.5,37.084,0.2144,0,0,0,0,0,0,0,0.006951803,0
3857266,FIFA World Cup 2022,47,98.6,18.5,30.335,0.1871,0,0,0,0,0,0,1,0.011081066,0
3857266,FIFA World Cup 2022,55,104.1,30.1,18.73,0.3631,0,0,0,0,0,0,0,0.03630777,0
3857266,FIFA World Cup 2022,59,102.6,38.8,17.441,0.45,0,0,0,1,0,0,1,0.21733604,0
3857266,FIFA World Cup 2022,60,110.8,31.3,12.662,0.4716,0,1,0,0,0,0,0,0.08505598,1
3857266,FIFA World Cup 2022,67,112.2,43.9,8.721,0.8046,1,0,1,0,0,0,1,0.082872435,0
3857266,FIFA World Cup 2022,67,113.0,37.6,7.4,0.9654,1,0,0,0,0,0,1,0.25384808,1
3857266,FIFA World Cup 2022,72,107.4,33.0,14.414,0.484,0,1,0,0,0,0,0,0.18929456,0
3857266,FIFA World Cup 2022,73,93.3,45.1,27.183,0.2873,0,0,0,0,0,0,1,0.0264413,0
3857266,FIFA World Cup 2022,77,113.7,37.7,6.707,1.049,1,0,0,0,0,0,1,0.22405402,0
3857266,FIFA World Cup 2022,78,110.7,40.7,9.326,0.8089,1,0,1,0,0,0,1,0.106879756,0
3857266,FIFA World Cup 2022,79,112.7,47.3,10.324,0.5727,0,1,0,0,0,0,1,0.080693014,0
3857266,FIFA World Cup 2022,80,110.0,45.1,11.225,0.6288,0,1,0,0,0,0,1,0.23786028,0
3857266,FIFA World Cup 2022,83,87.2,48.7,33.934,0.2271,0,1,0,0,0,0,0,0.015153575,0
3857266,FIFA World Cup 2022,85,117.8,36.5,4.134,1.5089,0,1,0,0,0,0,0,0.38353118,1
3857266,FIFA World Cup 2022,88,94.3,53.4,28.984,0.2445,0,0,0,0,0,0,1,0.014218964,0
3857266,FIFA World Cup 2022,90,99.4,25.5,25.191,0.2604,0,1,0,0,0,0,0,0.033781487,0
3857266,FIFA World Cup 2022,96,87.5,42.4,32.588,0.2436,0,1,0,0,0,0,1,0.013632962,0
3857284,FIFA World Cup 2022,13,93.0,31.2,28.398,0.2668,0,0,0,0,0,0,1,0.022911863,0
3857284,FIFA World Cup 2022,15,110.5,50.6,14.234,0.3868,1,0,1,0,0,0,1,0.026021937,0
3857284,FIFA World Cup 2022,19,96.9,39.6,23.103,0.3428,0,1,1,0,0,0,0,0.05193508,0
3857284,FIFA World Cup 2022,25,99.7,29.6,22.809,0.3116,0,0,0,0,0,0,1,0.042519,0
3857284,FIFA World Cup 2022,27,94.4,42.8,25.753,0.3065,0,1,0,0,0,0,1,0.041637745,0
3857284,FIFA World Cup 2022,28,105.3,36.8,15.044,0.5098,0,1,0,0,0,0,1,0.12241382,0
3857284,FIFA World Cup 2022,37,93.1,48.2,28.122,0.2709,0,0,0,0,0,0,0,0.028658802,0
3857284,FIFA World Cup 2022,37,108.5,28.3,16.405,0.3486,0,0,0,0,0,0,0,0.03933018,0
3857284,FIFA World Cup 2022,40,93.3,39.0,26.719,0.297,0,0,0,0,0,0,1,0.031919174,0
3857284,FIFA World Cup 2022,41,97.0,42.2,23.105,0.3414,0,1,0,0,0,0,0,0.05113006,0
3857284,FIFA World Cup 2022,44,101.9,45.1,18.805,0.4052,0,0,0,0,0,0,1,0.06614002,0
3857284,FIFA World Cup 2022,48,100.3,40.5,19.706,0.4004,0,1,0,0,0,0,1,0.047906045,0
3857284,FIFA World Cup 2022,48,114.3,29.9,11.597,0.3673,0,1,0,0,0,0,1,0.21508263,0
3857284,FIFA World Cup 2022,50,111.0,34.3,10.653,0.6361,1,0,0,0,0,0,1,0.07710243,0
3857284,FIFA World Cup 2022,46,108.3,57.9,21.385,0.209,0,0,0,0,0,0,1,0.013327111,0
3857284,FIFA World Cup 2022,49,103.3,47.4,18.266,0.3981,0,1,0,0,0,0,0,0.06444196,0
3857284,FIFA World Cup 2022,50,107.2,41.0,12.839,0.6026,0,0,0,0,0,0,0,0.15860753,0
3857284,FIFA World Cup 2022,57,114.7,49.4,10.791,0.3994,1,0,1,0,0,0,0,0.06737846,0
3857284,FIFA World Cup 2022,59,103.0,40.0,17.0,0.4622,0,0,0,0,0,0,1,0.10696415,0
3857284,FIFA World Cup 2022,60,106.4,25.8,19.662,0.2856,0,0,0,0,0,0,0,0.06586899,0
3857284,FIFA World Cup 2022,65,106.9,26.5,18.811,0.3008,0,0,0,0,0,0,1,0.029970925,0
3857284,FIFA World Cup 2022,66,112.6,51.3,13.507,0.3417,1,0,0,0,0,0,1,0.034016185,0
3857284,FIFA World Cup 2022,67,112.5,51.1,13.396,0.3518,0,0,1,0,0,0,1,0.0360808,0
3857284,FIFA World Cup 2022,69,111.1,48.5,12.307,0.4839,0,1,0,0,0,0,0,0.32657883,0
3857284,FIFA World Cup 2022,69,103.3,57.9,24.481,0.2252,0,0,0,0,0,0,0,0.02483029,0
3857284,FIFA World Cup 2022,70,112.2,43.5,8.549,0.8298,1,0,0,0,0,0,0,0.11167552,0
3857284,FIFA World Cup 2022,70,117.7,49.5,9.774,0.2273,0,1,0,0,0,0,0,0.0550312,0
3857284,FIFA World Cup 2022,72,109.2,36.3,11.416,0.6471,0,0,0,0,0,0,1,0.06845111,0
3857284,FIFA World Cup 2022,72,113.4,46.3,9.124,0.6656,0,1,0,0,0,0,1,0.28772855,0
3857284,FIFA World Cup 2022,74,112.8,24.4,17.181,0.2034,0,1,0,0,0,0,1,0.013784891,0
3857284,FIFA World Cup 2022,74,112.1,41.5,8.041,0.9147,0,1,0,0,0,0,1,0.4777511,1
3857284,FIFA World Cup 2022,79,115.5,39.4,4.54,1.4434,1,0,1,0,0,0,1,0.18550046,0
3857284,FIFA World Cup 2022,82,117.7,50.2,10.456,0.1947,0,0,0,1,0,0,1,0.02668418,1
3857284,FIFA World Cup 2022,89,106.9,41.0,13.138,0.5897,1,0,1,0,0,0,1,0.031593546,0
3857284,FIFA World Cup 2022,93,86.2,37.2,33.916,0.234,0,0,0,0,0,0,1,0.017847534,0
3857284,FIFA World Cup 2022,94,100.3,40.9,19.721,0.3999,0,1,0,0,0,0,1,0.088851534,0
3857284,FIFA World Cup 2022,97,116.5,31.6,9.1,0.3969,0,0,0,0,0,0,1,0.07610536,0
3857254,FIFA World Cup 2022,2,92.6,52.0,29.913,0.2445,0,0,0,0,0,0,0,0.023819994,0
3857254,FIFA World Cup 2022,4,114.0,54.8,15.97,0.1982,0,0,0,0,0,0,0,0.014059674,0
3857254,FIFA World Cup 2022,10,93.4,44.5,26.978,0.2905,0,0,0,0,0,0,1,0.033114884,0
3857254,FIFA World Cup 2022,11,114.7,29.6,11.673,0.339,1,0,0,0,0,0,1,0.04366076,0
3857254,FIFA World Cup 2022,22,115.3,32.5,8.851,0.5427,0,1,0,0,0,0,1,0.124032564,0
3857254,FIFA World Cup 2022,22,99.7,30.3,22.498,0.3199,0,1,0,0,0,0,1,0.02765422,0
3857254,FIFA World Cup 2022,32,95.4,19.0,32.344,0.1888,0,0,0,0,0,0,1,0.008709067,0
3857254,FIFA World Cup 2022,38,111.4,49.3,12.667,0.4445,0,1,0,0,0,0,1,0.046073906,0
3857254,FIFA World Cup 2022,38,115.0,52.2,13.185,0.2482,0,1,0,0,0,0,1,0.06712157,0
3857254,FIFA World Cup 2022,42,112.0,44.9,9.381,0.7266,0,0,0,1,0,0,1,0.4656446,0
3857254,FIFA World Cup 2022,42,99.8,40.9,20.22,0.3903,0,1,0,0,0,0,1,0.059586592,0
3857254,FIFA World Cup 2022,45,112.1,47.5,10.893,0.5518,1,0,1,0,0,0,0,0.11338296,0
3857254,FIFA World Cup 2022,45,114.7,48.7,10.187,0.45,0,1,0,0,0,0,1,0.07208876,0
3857254,FIFA World Cup 2022,50,92.2,49.3,29.314,0.2578,0,0,0,0,0,0,1,0.020917216,0
3857254,FIFA World Cup 2022,52,99.5,39.6,20.504,0.3853,0,1,0,0,0,0,1,0.041405495,0
3857254,FIFA World Cup 2022,52,103.9,36.4,16.498,0.4659,0,0,0,0,0,0,1,0.059058707,0
3857254,FIFA World Cup 2022,56,117.0,35.0,5.831,0.9273,1,0,0,0,0,0,1,0.25651878,0
3857254,FIFA World Cup 2022,68,99.2,36.8,21.045,0.3717,0,0,0,0,0,0,0,0.08509644,0
3857254,FIFA World Cup 2022,69,117.4,37.0,3.97,1.5823,1,0,1,0,0,0,1,0.27134958,0
3857254,FIFA World Cup 2022,69,118.2,43.9,4.295,1.4023,1,0,0,0,0,0,1,0.5683119,0
3857254,FIFA World Cup 2022,75,102.5,24.2,23.577,0.2537,0,0,0,0,0,0,0,0.02872357,0
3857254,FIFA World Cup 2022,91,114.4,36.8,6.45,1.0517,1,0,1,0,0,0,1,0.14539434,0
3857254,FIFA World Cup 2022,91,95.0,30.2,26.852,0.2764,0,0,0,0,0,0,0,0.028684001,0
3857254,FIFA World Cup 2022,96,108.8,46.4,12.9,0.5373,1,0,1,0,0,0,1,0.022084296,0
3857265,FIFA World Cup 2022,6,110.6,37.2,9.808,0.7532,1,0,1,0,0,0,1,0.056964528,0
3857265,FIFA World Cup 2022,11,114.5,42.4,6.001,1.144,1,0,1,0,0,0,1,0.1766503,0
3857265,FIFA World Cup 2022,25,113.2,34.6,8.683,0.7415,1,0,1,0,0,0,1,0.098180205,0
3857265,FIFA World Cup 2022,43,108.5,23.7,19.948,0.2364,0,1,0,0,0,0,1,0.025630916,0
3857265,FIFA World Cup 2022,44,110.1,60.7,22.946,0.1539,0,1,0,0,0,0,1,0.0069717234,0
3857265,FIFA World Cup 2022,46,92.1,56.9,32.619,0.2098,0,0,1,0,0,0,0,0.008207667,0
3857265,FIFA World Cup 2022,51,93.9,25.2,30.004,0.2319,0,0,0,0,0,0,1,0.02413981,0
3857265,FIFA World Cup 2022,57,113.4,48.8,11.0,0.4659,0,1,0,0,0,0,0,0.10166888,0
3857265,FIFA World Cup 2022,59,107.9,29.9,15.761,0.3946,0,0,0,0,0,0,1,0.0609232,0
3857265,FIFA World Cup 2022,63,106.7,35.1,14.174,0.5222,1,0,0,1,0,0,1,0.06434309,0
3857265,FIFA World Cup 2022,65,102.7,60.6,26.901,0.1931,0,0,0,0,0,0,1,0.009746956,0
3857265,FIFA World Cup 2022,79,93.0,24.5,31.133,0.2228,0,1,0,0,0,0,1,0.014301864,0
3857265,FIFA World Cup 2022,81,113.3,41.7,6.912,1.0356,1,0,1,0,0,0,1,0.12449861,0
3857265,FIFA World Cup 2022,93,109.4,24.8,18.531,0.2534,0,1,1,0,0,0,0,0.04959144,0
3857265,FIFA World Cup 2022,95,90.9,48.7,30.373,0.2514,0,0,0,0,0,0,0,0.02170277,0
3857265,FIFA World Cup 2022,95,101.9,56.4,24.425,0.2444,0,0,1,0,0,0,0,0.0400392,0
3857301,FIFA World Cup 2022,3,113.5,52.4,14.0,0.2812,0,0,1,0,0,0,0,0.07323868,0
3857301,FIFA World Cup 2022,8,93.8,39.3,26.209,0.3028,0,0,0,0,0,0,1,0.025409508,0
3857301,FIFA World Cup 2022,14,92.5,41.5,27.541,0.2881,0,1,0,0,0,0,1,0.019990891,0
3857301,FIFA World Cup 2022,15,111.2,26.7,15.948,0.2872,0,0,1,0,0,0,0,0.039485876,0
3857301,FIFA World Cup 2022,16,112.9,38.6,7.237,1.0013,1,0,0,0,0,0,1,0.14633009,0
3857301,FIFA World Cup 2022,23,95.4,52.7,27.685,0.2565,0,1,0,0,0,0,1,0.029332913,0
3857301,FIFA World Cup 2022,25,93.6,20.3,32.94,0.195,0,0,0,0,0,0,0,0.009041326,0
3857301,FIFA World Cup 2022,40,107.2,33.3,14.447,0.4884,0,1,0,0,0,0,0,0.23054633,1
3857301,FIFA World Cup 2022,47,112.5,48.1,11.039,0.5156,1,0,0,0,0,0,1,0.038498666,1
3857301,FIFA World Cup 2022,54,111.6,39.3,8.429,0.8845,0,1,0,0,0,0,1,0.16305494,0
3857301,FIFA World Cup 2022,56,112.1,27.2,15.042,0.292,0,0,0,0,0,0,0,0.030363984,0
3857301,FIFA World Cup 2022,58,108.8,48.6,14.121,0.4544,0,1,1,0,0,0,0,0.05329144,0
3857301,FIFA World Cup 2022,60,89.5,22.9,34.967,0.1995,0,0,0,0,0,0,1,0.006098259,0
3857301,FIFA World Cup 2022,62,102.6,34.4,18.279,0.4125,0,0,0,0,0,0,0,0.21404111,0
3857301,FIFA World Cup 2022,66,113.2,40.5,6.818,1.0599,0,0,0,1,0,0,1,0.3277431,0
3857301,FIFA World Cup 2022,68,107.3,53.4,18.462,0.3031,0,0,0,0,0,0,1,0.067961,0
3857301,FIFA World Cup 2022,77,110.1,38.7,9.985,0.7578,1,0,1,0,0,0,1,0.072239615,1
3857301,FIFA World Cup 2022,80,107.1,38.8,12.956,0.5969,1,0,1,0,0,0,1,0.052429575,0
3857301,FIFA World Cup 2022,83,107.8,45.3,13.302,0.5452,0,1,0,0,0,0,1,0.11607656,1
3857301,FIFA World Cup 2022,88,95.4,52.1,27.415,0.2614,0,1,0,0,0,0,1,0.023370314,0
3857301,FIFA World Cup 2022,89,110.5,39.5,9.513,0.7954,1,0,1,0,0,0,0,0.06740542,0
3857301,FIFA World Cup 2022,93,97.1,41.8,22.971,0.3438,0,0,0,0,0,1,0,0.057101198,0
3857268,FIFA World Cup 2022,0,91.7,31.8,29.464,0.2597,0,0,0,0,0,0,0,0.017552001,0
3857268,FIFA World Cup 2022,1,109.8,50.0,14.284,0.4094,0,0,0,0,0,0,0,0.0798905,0
3857268,FIFA World Cup 2022,6,111.4,42.8,9.044,0.8077,0,1,0,0,0,0,0,0.12589528,0
3857268,FIFA World Cup 2022,7,106.2,35.6,14.484,0.5178,0,0,0,0,0,0,1,0.05664073,0
3857268,FIFA World Cup 2022,10,110.4,34.6,11.015,0.6301,0,1,0,0,0,0,0,0.20472932,0
3857268,FIFA World Cup 2022,12,105.0,56.4,22.225,0.246,0,0,1,0,0,0,1,0.033730526,0
3857268,FIFA World Cup 2022,12,107.7,45.9,13.642,0.5244,0,0,0,0,0,0,0,0.08619453,0
3857268,FIFA World Cup 2022,15,104.9,53.9,20.524,0.2897,0,0,0,0,0,0,1,0.04071268,0
3857268,FIFA World Cup 2022,22,112.3,50.2,12.78,0.396,0,0,0,0,0,0,1,0.04664896,0
3857268,FIFA World Cup 2022,26,98.1,44.7,22.399,0.3462,0,1,0,0,0,0,0,0.04634635,0
3857268,FIFA World Cup 2022,29,108.1,56.3,20.182,0.2387,0,0,0,0,0,0,0,0.033541974,0
3857268,FIFA World Cup 2022,30,104.4,37.5,15.799,0.4907,0,0,0,0,0,0,1,0.08845105,0
3857268,FIFA World Cup 2022,31,111.1,34.1,10.678,0.6282,1,0,0,0,0,0,0,0.088843234,0
3857268,FIFA World Cup 2022,32,111.8,51.3,13.962,0.3514,0,1,0,0,0,0,0,0.08121458,0
3857268,FIFA World Cup 2022,43,109.0,36.1,11.671,0.6319,0,1,0,0,0,0,0,0.24992359,1
3857268,FIFA World Cup 2022,46,112.6,42.5,7.811,0.9207,0,1,1,0,0,0,1,0.29588586,0
3857268,FIFA World Cup 2022,48,100.5,38.5,19.558,0.4024,0,1,0,0,0,0,1,0.048581414,0
3857268,FIFA World Cup 2022,47,111.7,36.9,8.86,0.8156,1,0,1,0,0,0,1,0.120068476,0
3857268,FIFA World Cup 2022,49,97.8,52.7,25.576,0.2714,0,0,0,0,0,0,0,0.03604073,0
3857268,FIFA World Cup 2022,62,98.3,34.5,22.386,0.3436,0,1,0,0,0,0,1,0.0587075,0
3857268,FIFA World Cup 2022,66,101.7,54.6,23.41,0.2685,0,0,0,0,0,0,0,0.022910038,0
3857268,FIFA World Cup 2022,66,103.9,43.0,16.377,0.4722,0,1,0,0,0,0,0,0.0897183,0
3857268,FIFA World Cup 2022,76,103.1,38.1,17.006,0.4595,0,0,0,0,0,0,0,0.04574546,0
3857268,FIFA World Cup 2022,79,108.2,44.1,12.492,0.5931,1,0,0,0,0,0,1,0.07200206,0
3857268,FIFA World Cup 2022,84,112.5,43.5,8.276,0.852,1,0,1,0,0,0,1,0.08894938,0
3857268,FIFA World Cup 2022,85,96.6,39.5,23.405,0.3385,0,0,0,0,0,0,0,0.061057936,0
3857268,FIFA World Cup 2022,85,111.7,37.5,8.668,0.8432,1,0,1,0,0,0,0,0.111036494,0
3857268,FIFA World Cup 2022,90,98.0,55.5,26.912,0.2436,0,0,0,0,0,0,0,0.025805552,0
3857268,FIFA World Cup 2022,90,114.3,59.2,20.028,0.1179,0,0,0,0,0,0,1,0.009170555,0
3857268,FIFA World Cup 2022,91,111.1,36.1,9.717,0.7372,1,0,1,0,0,0,0,0.06675813,0
3857269,FIFA World Cup 2022,5,114.9,30.0,11.225,0.3551,0,1,0,0,0,0,1,0.05117428,0
3857269,FIFA World Cup 2022,26,112.1,34.0,9.92,0.6542,0,1,0,0,0,0,0,0.21638125,0
3857269,FIFA World Cup 2022,27,94.3,39.7,25.702,0.3088,0,1,0,0,0,0,1,0.023129713,0
3857269,FIFA World Cup 2022,30,90.1,46.2,30.536,0.2553,0,0,0,0,0,0,1,0.02201561,0
3857269,FIFA World Cup 2022,31,104.2,41.2,15.846,0.4933,1,0,1,0,0,0,1,0.022230485,0
3857269,FIFA World Cup 2022,36,93.2,45.0,27.262,0.2867,0,0,0,0,0,0,1,0.02857021,0
3857269,FIFA World Cup 2022,43,115.0,43.5,6.103,1.0825,1,0,1,0,0,0,1,0.14148508,0
3857269,FIFA World Cup 2022,52,112.6,48.8,11.498,0.4712,0,1,0,0,0,0,1,0.087867536,0
3857269,FIFA World Cup 2022,53,104.3,26.2,20.903,0.29,0,0,0,0,0,0,1,0.029704679,0
3857269,FIFA World Cup 2022,54,103.5,43.9,16.955,0.4526,1,0,0,0,0,0,1,0.028123023,0
3857269,FIFA World Cup 2022,59,99.4,37.0,20.817,0.3761,0,1,0,0,0,0,0,0.0625126,0
3857269,FIFA World Cup 2022,59,97.4,42.8,22.773,0.3453,0,0,0,0,0,0,0,0.029247057,0
3857269,FIFA World Cup 2022,69,110.6,37.4,9.753,0.76,1,0,1,0,0,0,1,0.07814184,0
3857269,FIFA World Cup 2022,71,107.0,26.5,18.742,0.3008,0,1,0,0,0,1,0,0.038312852,0
3857269,FIFA World Cup 2022,80,102.2,47.4,19.277,0.3809,1,0,0,0,0,0,1,0.021188514,0
3857269,FIFA World Cup 2022,82,106.3,29.4,17.322,0.3682,0,1,0,0,0,0,0,0.068805926,1
3857269,FIFA World Cup 2022,86,109.7,25.4,17.868,0.2653,0,0,0,0,0,0,1,0.04824855,0
3857269,FIFA World Cup 2022,86,102.1,56.6,24.412,0.2421,0,0,0,0,0,0,1,0.020722246,0
3857269,FIFA World Cup 2022,93,105.8,41.8,14.314,0.5415,0,1,0,0,0,0,1,0.19349767,0
3869321,FIFA World Cup 2022,4,101.6,53.3,22.704,0.2866,0,1,0,0,0,0,0,0.02377054,0
3869321,FIFA World Cup 2022,21,96.6,50.3,25.567,0.2856,0,0,0,0,0,0,1,0.037832856,0
3869321,FIFA World Cup 2022,23,101.6,32.9,19.722,0.3759,0,0,0,0,0,0,0,0.089517,0
3869321,FIFA World Cup 2022,32,97.6,42.3,22.518,0.3499,0,1,1,0,0,0,0,0.049762752,0
3869321,FIFA World Cup 2022,34,109.1,42.4,11.161,0.6767,0,0,0,1,0,0,1,0.43442267,1
3869321,FIFA World Cup 2022,39,104.0,32.2,17.8,0.4023,0,0,1,0,0,0,0,0.03387043,0
3869321,FIFA World Cup 2022,62,96.0,33.3,24.918,0.3074,0,0,0,0,1,0,1,0.07608311,0
3869321,FIFA World Cup 2022,82,108.7,46.4,12.987,0.5347,1,0,0,0,0,0,1,0.047416847,1
3869321,FIFA World Cup 2022,84,104.6,53.3,20.348,0.3002,0,1,0,0,0,0,1,0.032538008,0
3869321,FIFA World Cup 2022,89,113.5,52.9,14.445,0.2636,0,1,0,0,0,0,1,0.047394842,0
3869321,FIFA World Cup 2022,92,97.2,37.9,22.897,0.3446,0,0,0,0,1,0,1,0.08017064,0
3869321,FIFA World Cup 2022,100,111.8,39.9,8.201,0.9076,0,0,1,0,0,0,1,0.21959315,1
3869321,FIFA World Cup 2022,109,101.1,53.3,23.111,0.2839,0,0,1,0,0,0,1,0.035418287,0
3869321,FIFA World Cup 2022,112,110.9,28.4,14.743,0.3469,0,1,0,0,0,0,1,0.05290734,0
3869321,FIFA World Cup 2022,113,109.5,45.9,12.044,0.577,0,1,0,0,0,0,1,0.2245604,0
3869321,FIFA World Cup 2022,114,94.2,43.8,26.078,0.3013,0,0,0,0,0,0,1,0.032085553,0
3869321,FIFA World Cup 2022,115,112.5,31.3,11.487,0.4776,1,0,1,0,0,0,1,0.04452438,0
3869321,FIFA World Cup 2022,118,97.6,38.6,22.444,0.3521,0,1,1,0,0,0,0,0.08241133,0
3869321,FIFA World Cup 2022,119,96.6,41.6,23.455,0.3371,0,0,1,0,0,0,1,0.04201436,0
3869321,FIFA World Cup 2022,120,97.2,49.3,24.624,0.2997,0,0,0,0,0,0,1,0.038940463,0
3857292,FIFA World Cup 2022,1,99.6,29.7,22.853,0.3119,0,0,0,0,0,0,0,0.06331741,0
3857292,FIFA World Cup 2022,6,109.5,48.0,13.2,0.488,0,1,0,0,0,0,1,0.15352516,0
3857292,FIFA World Cup 2022,8,108.2,42.4,12.042,0.6317,1,0,0,1,0,0,1,0.14610097,0
3857292,FIFA World Cup 2022,9,111.9,33.1,10.64,0.5879,1,0,0,0,0,0,0,0.0895267,1
3857292,FIFA World Cup 2022,13,113.1,35.8,8.078,0.8423,1,0,0,1,0,0,0,0.18187125,0
3857292,FIFA World Cup 2022,20,111.6,41.1,8.472,0.8781,1,0,1,0,0,0,1,0.069567084,0
3857292,FIFA World Cup 2022,29,105.2,30.9,17.374,0.3927,0,0,0,0,0,0,0,0.044056788,0
3857292,FIFA World Cup 2022,34,92.4,55.8,31.803,0.2183,0,0,0,0,0,0,0,0.011488004,0
3857292,FIFA World Cup 2022,35,105.7,33.6,15.667,0.4625,0,0,0,0,0,0,0,0.16202919,0
3857292,FIFA World Cup 2022,38,106.4,28.9,17.555,0.3565,0,0,0,0,0,0,1,0.06251996,0
3857292,FIFA World Cup 2022,41,107.3,51.1,16.867,0.3617,0,0,0,1,0,0,1,0.14103858,0
3857292,FIFA World Cup 2022,44,98.5,47.8,22.871,0.327,0,0,1,0,0,0,0,0.080942705,0
3857292,FIFA World Cup 2022,45,99.5,44.5,20.988,0.3687,0,0,0,0,0,0,1,0.078109905,0
3857292,FIFA World Cup 2022,51,108.9,54.5,18.261,0.2727,0,1,0,0,0,0,1,0.050267275,0
3857292,FIFA World Cup 2022,51,97.2,48.9,24.475,0.3032,0,0,1,0,0,0,1,0.042256437,0
3857292,FIFA World Cup 2022,54,100.7,26.9,23.326,0.2844,0,1,0,0,0,0,1,0.029866349,0
3857292,FIFA World Cup 2022,54,91.0,39.6,29.003,0.2741,0,0,0,0,0,0,1,0.02438984,0
3857292,FIFA World Cup 2022,57,108.9,45.4,12.344,0.5772,1,0,0,0,0,0,0,0.099276,0
3857292,FIFA World Cup 2022,57,114.3,38.1,6.008,1.1556,0,1,0,0,0,0,0,0.4798206,1
3857292,FIFA World Cup 2022,60,111.2,28.5,14.481,0.3486,0,0,0,0,0,0,0,0.082946144,0
3857292,FIFA World Cup 2022,60,117.3,31.5,8.919,0.3277,0,1,0,0,0,1,0,0.1066145,0
3857292,FIFA World Cup 2022,61,106.3,47.2,15.477,0.4559,0,0,0,0,0,0,0,0.05438086,0
3857292,FIFA World Cup 2022,61,114.5,44.2,6.92,0.9436,0,1,1,0,0,0,1,0.41498688,0
3857292,FIFA World Cup 2022,66,100.6,27.6,23.024,0.2932,0,0,0,0,0,0,1,0.037713535,0
3857292,FIFA World Cup 2022,66,107.3,35.1,13.612,0.5405,0,0,0,0,0,0,1,0.110909514,0
3857292,FIFA World Cup 2022,69,116.1,43.1,4.982,1.2953,0,1,0,0,0,0,1,0.18427365,0
3857292,FIFA World Cup 2022,72,109.3,42.6,11.011,0.6828,0,0,0,0,0,0,0,0.4749194,1
3857292,FIFA World Cup 2022,73,102.8,36.0,17.659,0.4354,0,1,0,0,0,0,1,0.14038351,0
3857292,FIFA World Cup 2022,75,115.2,44.6,6.648,0.9374,0,1,0,0,0,1,0,0.36338806,0
3857292,FIFA World Cup 2022,79,94.4,46.4,26.388,0.2924,0,0,0,0,0,0,1,0.037811525,0
3857292,FIFA World Cup 2022,83,104.6,30.8,17.939,0.383,0,0,0,0,0,0,1,0.060394496,0
3857292,FIFA World Cup 2022,84,113.1,37.6,7.305,0.9757,0,1,0,0,0,0,0,0.31018513,1
3857292,FIFA World Cup 2022,85,110.4,27.0,16.16,0.3036,0,0,0,1,0,1,0,0.11890341,0
3857292,FIFA World Cup 2022,85,107.0,43.6,13.489,0.5598,1,0,0,0,0,1,0,0.066507556,0
3857292,FIFA World Cup 2022,88,114.8,42.5,5.77,1.1769,0,1,0,0,0,0,1,0.510154,1
3857292,FIFA World Cup 2022,94,101.1,39.1,18.921,0.4162,0,0,0,0,0,0,0,0.046867393,0
3857292,FIFA World Cup 2022,95,117.9,32.7,7.596,0.383,1,0,0,1,0,0,0,0.13407986,0
3857292,FIFA World Cup 2022,99,107.5,40.3,12.504,0.6191,0,0,0,0,0,0,0,0.085460834,0
3857295,FIFA World Cup 2022,2,91.7,53.8,31.485,0.2281,0,1,0,0,0,0,0,0.015573137,0
3857295,FIFA World Cup 2022,3,90.1,47.7,30.876,0.2499,0,1,0,0,0,0,1,0.01353695,0
3857295,FIFA World Cup 2022,34,91.0,26.8,31.863,0.2281,0,1,0,0,0,0,0,0.014244432,0
3857295,FIFA World Cup 2022,34,101.0,29.1,21.905,0.3167,0,1,0,0,0,0,0,0.051288527,0
3857295,FIFA World Cup 2022,37,100.1,51.7,23.085,0.2988,0,0,0,0,0,0,0,0.03132781,0
3857295,FIFA World Cup 2022,45,101.4,30.9,20.707,0.346,0,0,0,0,0,0,0,0.09737273,0
3857295,FIFA World Cup 2022,45,104.1,50.2,18.89,0.3572,0,1,0,0,0,0,0,0.051375452,0
3857295,FIFA World Cup 2022,47,95.2,41.1,24.824,0.3192,0,0,1,0,0,0,1,0.042255066,0
3857295,FIFA World Cup 2022,47,107.6,37.5,12.65,0.6032,1,0,0,0,0,0,1,0.08747226,0
3857295,FIFA World Cup 2022,49,105.0,40.0,15.0,0.5212,0,0,0,0,0,0,1,0.07774679,0
3857295,FIFA World Cup 2022,49,103.1,34.1,17.9,0.418,0,0,0,0,0,0,1,0.04122181,0
3857295,FIFA World Cup 2022,56,105.4,22.1,23.099,0.222,0,0,0,0,0,0,0,0.022210024,0
3857295,FIFA World Cup 2022,62,98.1,35.7,22.318,0.3486,0,0,0,0,1,0,1,0.08557594,0
3857295,FIFA World Cup 2022,71,101.2,43.2,19.07,0.4083,0,0,0,0,1,0,1,0.10029054,0
3857295,FIFA World Cup 2022,71,95.7,44.3,24.678,0.3168,0,0,0,0,0,0,1,0.027111016,0
3857295,FIFA World Cup 2022,80,102.6,47.5,18.948,0.3855,0,0,0,0,0,0,0,0.120298475,1
3857295,FIFA World Cup 2022,87,108.0,37.6,12.238,0.6225,0,1,0,0,0,0,0,0.09400092,0
3869685,FIFA World Cup 2022,4,92.4,30.0,29.356,0.2554,0,0,0,0,0,0,0,0.024542088,0
3869685,FIFA World Cup 2022,7,99.2,47.9,22.25,0.3343,0,0,0,0,0,0,0,0.062813334,0
3869685,FIFA World Cup 2022,16,103.1,34.6,17.742,0.4249,0,1,0,0,0,0,0,0.106800534,0
3869685,FIFA World Cup 2022,31,94.3,23.5,30.541,0.2206,0,1,0,0,0,0,0,0.010577817,0
3869685,FIFA World Cup 2022,35,111.8,32.1,11.386,0.5235,0,1,0,0,0,1,0,0.30340916,1
3869685,FIFA World Cup 2022,48,103.3,52.3,20.741,0.312,0,1,0,0,0,0,1,0.040216275,0
3869685,FIFA World Cup 2022,58,110.5,24.9,17.84,0.2463,0,0,0,1,0,0,1,0.05953379,0
3869685,FIFA World Cup 2022,59,109.7,46.0,11.92,0.5788,0,0,0,0,0,0,0,0.11555985,0
3869685,FIFA World Cup 2022,67,113.4,34.6,8.528,0.7496,1,0,1,0,0,0,1,0.09618377,0
3869685,FIFA World Cup 2022,70,102.5,27.9,21.276,0.3103,0,0,0,0,0,0,0,0.050644457,0
3869685,FIFA World Cup 2022,71,98.9,32.2,22.496,0.3317,0,0,0,0,0,0,0,0.041589838,0
3869685,FIFA World Cup 2022,80,104.8,30.1,18.14,0.3705,0,1,0,0,0,0,1,0.1017027,1
3869685,FIFA World Cup 2022,83,92.2,35.9,28.101,0.2799,0,0,0,0,0,0,1,0.030159522,0
3869685,FIFA World Cup 2022,92,95.9,32.2,25.331,0.2989,0,0,0,0,0,1,0,0.0324491,0
3869685,FIFA World Cup 2022,93,108.9,28.5,15.983,0.3551,0,1,0,0,0,0,1,0.09333491,0
3869685,FIFA World Cup 2022,96,96.2,40.9,23.817,0.3326,0,0,0,0,0,0,0,0.0430315,0
3869685,FIFA World Cup 2022,92,98.2,23.8,27.16,0.2371,0,1,0,0,0,0,1,0.019259434,0
3869685,FIFA World Cup 2022,99,89.8,39.9,30.2,0.2634,0,0,0,0,0,0,1,0.023031652,0
3869685,FIFA World Cup 2022,104,108.8,45.3,12.391,0.5774,0,0,0,0,0,0,0,0.23260574,0
3869685,FIFA World Cup 2022,104,96.3,49.4,25.496,0.2906,0,1,0,0,0,0,0,0.020604363,0
3869685,FIFA World Cup 2022,105,105.1,33.5,16.256,0.4476,0,0,0,0,0,1,0,0.14029205,0
3869685,FIFA World Cup 2022,106,103.6,55.8,22.773,0.2553,0,1,0,0,0,0,1,0.024784861,0
3869685,FIFA World Cup 2022,107,114.4,52.0,13.242,0.2741,0,0,0,1,0,0,0,0.10407211,0
3869685,FIFA World Cup 2022,107,116.6,43.0,4.534,1.4047,0,1,0,0,0,0,0,0.48840353,1
3869685,FIFA World Cup 2022,115,101.4,26.6,22.924,0.2841,0,0,0,0,0,0,1,0.03075741,0
3869685,FIFA World Cup 2022,122,103.7,45.1,17.079,0.4418,0,1,0,0,0,0,1,0.27751395,0
3869685,FIFA World Cup 2022,122,110.8,41.6,9.338,0.802,1,0,0,0,0,0,0,0.10655013,0
3869684,FIFA World Cup 2022,6,108.8,38.0,11.377,0.6685,1,0,0,0,0,0,1,0.1243582,1
3869684,FIFA World Cup 2022,8,115.6,39.0,4.512,1.4476,1,0,0,1,0,0,1,0.4178385,1
3869684,FIFA World Cup 2022,9,99.5,23.8,26.128,0.2412,0,0,0,0,0,0,0,0.02730659,0
3869684,FIFA World Cup 2022,13,94.4,41.3,25.633,0.3092,0,1,0,0,0,0,1,0.040524755,0
3869684,FIFA World Cup 2022,17,104.9,38.8,15.148,0.515,0,0,0,0,0,0,0,0.11308218,0
3869684,FIFA World Cup 2022,17,111.3,34.8,10.136,0.6763,1,0,0,0,0,1,0,0.13429043,0
3869684,FIFA World Cup 2022,23,101.2,49.5,21.064,0.3381,0,0,0,0,0,0,1,0.07012748,0
3869684,FIFA World Cup 2022,32,112.4,29.5,12.962,0.3805,0,1,0,0,0,0,0,0.08611878,0
3869684,FIFA World Cup 2022,36,117.8,48.9,9.168,0.2531,1,0,1,0,0,0,1,0.04761149,0
3869684,FIFA World Cup 2022,39,90.6,53.5,32.351,0.2244,0,0,0,0,0,0,0,0.014617449,0
3869684,FIFA World Cup 2022,41,106.5,21.3,23.064,0.2063,0,1,0,0,0,0,0,0.013095795,1
3869684,FIFA World Cup 2022,46,90.5,39.5,29.504,0.2695,0,0,0,0,0,0,0,0.02019975,0
3869684,FIFA World Cup 2022,46,100.8,24.2,24.865,0.2497,0,0,0,0,0,0,1,0.028195048,0
3869684,FIFA World Cup 2022,54,87.5,26.6,35.154,0.21,0,1,0,0,0,0,1,0.0065055056,0
3869684,FIFA World Cup 2022,64,110.6,40.5,9.413,0.8029,1,0,1,0,0,0,1,0.072652236,0
3869684,FIFA World Cup 2022,70,90.9,36.9,29.265,0.2702,0,0,0,0,0,0,0,0.03597725,0
3869684,FIFA World Cup 2022,74,115.5,48.3,9.441,0.4574,0,0,0,1,0,0,0,0.16040824,0
3869684,FIFA World Cup 2022,86,110.3,29.2,14.517,0.3792,0,0,0,0,0,0,0,0.23560598,0
3869684,FIFA World Cup 2022,89,110.9,36.5,9.75,0.7442,1,0,1,0,0,0,1,0.057190012,0
3869684,FIFA World Cup 2022,90,89.6,46.9,31.173,0.2492,0,0,0,0,0,0,1,0.021768013,0
3869684,FIFA World Cup 2022,95,113.6,43.4,7.247,0.9512,1,0,1,0,0,0,1,0.1132524,0
3857256,FIFA World Cup 2022,0,96.0,38.8,24.03,0.3295,0,1,0,0,0,0,0,0.036565553,0
3857256,FIFA World Cup 2022,0,113.1,40.7,6.935,1.0441,0,1,0,0,0,0,0,0.35328916,0
3857256,FIFA World Cup 2022,0,103.8,41.9,16.311,0.4782,0,1,0,0,0,0,0,0.06952749,0
3857256,FIFA World Cup 2022,4,112.2,36.8,8.431,0.8476,1,0,0,0,0,0,1,0.08160872,0
3857256,FIFA World Cup 2022,10,97.8,51.5,25.002,0.2837,0,0,0,0,0,0,0,0.030001678,0
3857256,FIFA World Cup 2022,10,115.4,38.6,4.808,1.3797,0,0,0,1,0,0,0,0.5168786,0
3857256,FIFA World Cup 2022,13,107.8,35.9,12.871,0.5779,0,1,0,0,0,0,1,0.09611784,0
3857256,FIFA World Cup 2022,19,107.5,50.6,16.389,0.3769,0,1,0,0,0,0,1,0.06969889,1
3857256,FIFA World Cup 2022,21,97.3,33.7,23.558,0.325,0,1,0,0,0,0,0,0.04476528,0
3857256,FIFA World Cup 2022,22,109.6,35.4,11.372,0.6333,1,0,0,1,0,0,1,0.08628477,0
3857256,FIFA World Cup 2022,25,108.3,38.6,11.783,0.6511,1,0,0,0,0,0,0,0.06371751,1
3857256,FIFA World Cup 2022,29,107.7,49.2,15.36,0.4207,0,0,1,1,0,0,1,0.3934682,0
3857256,FIFA World Cup 2022,34,106.2,31.8,16.052,0.4285,0,1,0,0,0,1,0,0.15928414,1
3857256,FIFA World Cup 2022,37,101.0,47.3,20.354,0.3646,0,1,0,0,0,0,1,0.0683221,0
3857256,FIFA World Cup 2022,43,114.4,36.9,6.401,1.0623,0,1,0,0,0,0,0,0.72697556,1
3857256,FIFA World Cup 2022,47,101.7,33.7,19.354,0.3876,0,1,0,0,0,0,1,0.056521177,0
3857256,FIFA World Cup 2022,47,107.2,41.2,12.856,0.6012,0,1,0,0,0,0,1,0.15381548,1
3857256,FIFA World Cup 2022,56,110.7,30.5,13.294,0.4335,0,1,0,0,0,0,1,0.07925899,0
3857256,FIFA World Cup 2022,56,116.1,39.3,3.962,1.5804,0,1,0,0,0,0,1,0.6647709,0
3857256,FIFA World Cup 2022,60,107.4,31.7,15.088,0.4445,0,0,0,0,0,0,0,0.061684445,0
3857256,FIFA World Cup 2022,70,106.2,25.8,19.801,0.2855,0,0,0,0,0,0,0,0.03203667,0
3857256,FIFA World Cup 2022,72,102.2,43.2,18.085,0.4293,1,0,1,0,0,0,0,0.02594082,0
3857256,FIFA World Cup 2022,81,99.4,52.7,24.2,0.2816,0,1,0,0,0,0,1,0.030122569,0
3857256,FIFA World Cup 2022,88,105.3,28.9,18.42,0.3489,0,0,0,0,0,0,1,0.31681746,0
3857256,FIFA World Cup 2022,91,105.0,39.8,15.001,0.5211,1,0,1,0,0,0,1,0.03223471,0
3857256,FIFA World Cup 2022,99,105.7,51.3,18.226,0.3472,0,1,0,0,0,0,1,0.042810295,0
3869151,FIFA World Cup 2022,16,98.2,20.1,29.517,0.2012,0,0,0,0,0,0,1,0.011147299,0
3869151,FIFA World Cup 2022,28,111.9,44.0,9.034,0.7792,1,0,1,0,0,0,1,0.06809473,0
3869151,FIFA World Cup 2022,34,104.2,48.9,18.134,0.384,0,0,0,0,0,0,1,0.06663833,1
3869151,FIFA World Cup 2022,49,99.8,38.5,20.256,0.389,0,0,0,0,0,0,0,0.04517154,0
3869151,FIFA World Cup 2022,56,110.4,50.3,14.08,0.3988,0,0,0,0,0,0,0,0.28060678,1
3869151,FIFA World Cup 2022,65,95.4,33.6,25.419,0.3027,0,0,0,0,0,0,1,0.032841697,0
3869151,FIFA World Cup 2022,74,103.2,24.9,22.589,0.2655,0,0,0,0,0,0,0,0.05181273,0
3869151,FIFA World Cup 2022,76,98.2,22.6,27.893,0.225,0,1,0,0,0,0,0,0.013616442,0
3869151,FIFA World Cup 2022,80,110.6,33.2,11.602,0.5651,0,0,0,0,0,0,1,0.07721693,0
3869151,FIFA World Cup 2022,80,100.0,52.7,23.692,0.2854,0,0,1,0,0,0,1,0.033247408,0
3869151,FIFA World Cup 2022,87,108.3,52.3,16.976,0.3312,0,1,0,0,0,0,1,0.051439364,0
3869151,FIFA World Cup 2022,88,107.6,31.9,14.811,0.4538,0,1,0,0,0,1,0,0.24890411,0
3869151,FIFA World Cup 2022,92,109.1,31.8,13.64,0.4738,0,0,0,0,0,0,1,0.37209997,0
3869151,FIFA World Cup 2022,92,104.6,52.2,19.647,0.3214,0,0,0,0,0,0,0,0.055600196,0
3869151,FIFA World Cup 2022,93,103.6,50.1,19.261,0.354,0,0,0,0,0,0,0,0.046685893,0
3869151,FIFA World Cup 2022,93,102.2,40.0,17.8,0.4421,0,0,1,0,0,0,0,0.032042325,0
3869151,FIFA World Cup 2022,93,108.3,30.8,14.884,0.4273,0,0,0,0,0,0,0,0.076142184,0
3869151,FIFA World Cup 2022,94,106.4,37.0,13.927,0.5487,0,1,0,0,0,0,0,0.110446885,0
3869151,FIFA World Cup 2022,96,113.1,49.4,11.661,0.4312,0,0,0,0,0,0,0,0.23394231,0
3857257,FIFA World Cup 2022,2,94.6,46.6,26.243,0.2933,0,0,0,0,0,0,1,0.038979717,0
3857257,FIFA World Cup 2022,10,110.1,43.9,10.64,0.6836,0,1,0,0,0,0,0,0.09599891,0
3857257,FIFA World Cup 2022,10,112.7,56.3,17.86,0.1904,0,0,0,1,0,0,0,0.019605601,0
3857257,FIFA World Cup 2022,13,104.7,50.7,18.67,0.3526,0,0,0,0,0,0,1,0.10059545,0
3857257,FIFA World Cup 2022,21,101.3,59.0,26.659,0.2121,0,0,0,0,0,0,1,0.010740947,0
3857257,FIFA World Cup 2022,24,109.6,50.5,14.779,0.39,0,1,0,0,0,0,1,0.09373255,0
3857257,FIFA World Cup 2022,28,102.9,25.6,22.356,0.2756,0,0,0,0,0,0,0,0.035615563,0
3857257,FIFA World Cup 2022,31,102.5,36.7,17.808,0.4352,1,0,0,0,0,0,1,0.037495814,0
3857257,FIFA World Cup 2022,40,98.3,20.9,28.908,0.2087,0,0,0,0,0,0,1,0.010397313,0
3857257,FIFA World Cup 2022,46,100.2,34.1,20.66,0.368,0,1,0,0,0,0,1,0.049681988,0
3857257,FIFA World Cup 2022,47,109.6,30.8,13.885,0.4398,0,1,0,0,0,0,0,0.17342122,0
3857257,FIFA World Cup 2022,51,107.2,52.9,18.173,0.315,0,0,0,0,0,0,1,0.046983063,0
3857257,FIFA World Cup 2022,59,105.7,31.5,16.636,0.4135,0,0,0,0,0,1,0,0.11353828,1
3857257,FIFA World Cup 2022,68,103.1,49.3,19.29,0.3629,0,0,1,0,0,0,1,0.070518844,0
3857257,FIFA World Cup 2022,68,113.9,52.3,13.73,0.2757,1,0,1,0,0,0,1,0.020115681,0
3857257,FIFA World Cup 2022,76,99.4,54.5,25.191,0.2604,0,1,0,0,0,0,0,0.019515881,0
3857257,FIFA World Cup 2022,76,105.2,39.6,14.805,0.5276,0,1,0,0,0,0,0,0.049264465,0
3857257,FIFA World Cup 2022,81,97.5,38.2,22.572,0.3498,0,0,0,0,0,0,0,0.048889678,0
3857257,FIFA World Cup 2022,84,97.7,47.5,23.527,0.3204,0,0,0,0,0,1,0,0.035468098,0
3857257,FIFA World Cup 2022,87,108.6,57.0,20.469,0.2226,0,1,0,0,0,0,0,0.03670106,0
3857257,FIFA World Cup 2022,94,117.6,33.5,6.929,0.5403,0,1,0,0,0,1,0,0.08217044,0
3857257,FIFA World Cup 2022,94,116.6,51.6,12.088,0.2061,1,0,0,0,0,0,1,0.017447446,0
3857258,FIFA World Cup 2022,12,119.2,0.7,39.308,0.0042,0,0,0,1,0,0,1,0.00018,0
3857258,FIFA World Cup 2022,20,91.6,29.2,30.384,0.2454,0,0,0,0,0,0,0,0.020173745,0
3857258,FIFA World Cup 2022,20,84.3,34.2,36.168,0.2175,0,0,0,0,0,0,0,0.0075366697,0
3857258,FIFA World Cup 2022,34,105.3,49.2,17.342,0.3917,0,0,1,0,0,0,0,0.119197816,0
3857258,FIFA World Cup 2022,36,113.6,28.9,12.813,0.3327,1,0,1,0,0,0,0,0.026318645,0
3857258,FIFA World Cup 2022,40,113.2,27.0,14.671,0.2665,0,0,0,1,0,0,0,0.09814694,0
3857258,FIFA World Cup 2022,45,105.9,47.3,15.878,0.4457,0,0,0,0,0,0,0,0.4224228,0
3857258,FIFA World Cup 2022,49,99.1,27.0,24.613,0.2762,0,0,0,0,1,0,1,0.06281959,0
3857258,FIFA World Cup 2022,50,113.1,34.1,9.079,0.6934,1,0,0,0,0,0,1,0.06673048,0
3857258,FIFA World Cup 2022,50,115.8,29.3,11.495,0.2816,0,0,0,0,0,0,1,0.0399856,0
3857258,FIFA World Cup 2022,53,95.9,54.2,27.972,0.2464,0,1,0,0,0,0,0,0.016877638,0
3857258,FIFA World Cup 2022,54,107.5,38.9,12.548,0.6154,0,1,0,0,0,0,1,0.11246919,0
3857258,FIFA World Cup 2022,59,88.0,32.0,32.985,0.2344,0,0,0,0,0,0,1,0.021819543,0
3857258,FIFA World Cup 2022,59,105.0,20.1,24.92,0.1958,0,0,0,0,0,0,1,0.009459062,0
3857258,FIFA World Cup 2022,61,110.0,26.9,16.481,0.3033,0,1,0,0,0,0,0,0.07986015,0
3857258,FIFA World Cup 2022,61,114.5,41.8,5.787,1.1924,0,1,0,0,0,0,0,0.568145,1
3857258,FIFA World Cup 2022,66,109.1,28.2,16.064,0.3458,0,0,0,0,0,0,0,0.14253756,0
3857258,FIFA World Cup 2022,68,111.8,38.5,8.336,0.8867,1,0,1,0,0,0,1,0.098937765,0
3857258,FIFA World Cup 2022,69,95.6,50.9,26.724,0.2726,0,1,0,0,0,0,1,0.018288644,0
3857258,FIFA World Cup 2022,72,107.1,39.6,12.906,0.6009,0,0,0,0,0,0,1,0.07569885,1
3857258,FIFA World Cup 2022,76,86.3,31.2,34.83,0.2215,0,1,1,0,0,0,0,0.010592449,0
3857258,FIFA World Cup 2022,80,98.1,35.2,22.42,0.3456,0,1,0,0,0,0,0,0.06218912,0
3857258,FIFA World Cup 2022,81,98.8,27.3,24.713,0.2778,0,1,0,0,0,0,0,0.03669105,0
3857258,FIFA World Cup 2022,82,95.6,43.5,24.65,0.3187,0,0,0,0,0,0,0,0.088970646,0
3857258,FIFA World Cup 2022,84,99.3,59.6,28.507,0.205,0,0,0,0,0,0,0,0.011090157,0
3857258,FIFA World Cup 2022,86,101.5,30.6,20.751,0.3429,0,0,0,0,0,0,0,0.051727816,0
3857258,FIFA World Cup 2022,87,99.4,59.1,28.092,0.21,0,0,0,0,0,0,0,0.009657804,0
3857258,FIFA World Cup 2022,97,93.8,21.5,32.073,0.2041,0,0,1,0,0,0,1,0.008691933,0
3857288,FIFA World Cup 2022,5,90.9,41.2,29.125,0.2728,0,1,1,0,0,0,1,0.015131147,0
3857288,FIFA World Cup 2022,20,92.0,42.5,28.111,0.2816,0,0,0,0,0,0,1,0.029703999,0
3857288,FIFA World Cup 2022,22,110.1,32.5,12.42,0.5202,1,0,0,0,0,0,1,0.04459479,1
3857288,FIFA World Cup 2022,26,110.7,34.3,10.908,0.6256,1,0,0,0,0,0,1,0.03948435,0
3857288,FIFA World Cup 2022,33,114.3,48.2,9.986,0.4987,0,1,0,0,0,0,1,0.07543106,0
3857288,FIFA World Cup 2022,37,102.8,54.8,22.691,0.2691,0,0,0,0,0,1,0,0.031703874,0
3857288,FIFA World Cup 2022,40,109.2,48.4,13.682,0.4674,0,1,0,0,0,0,1,0.21984866,0
3857288,FIFA World Cup 2022,43,104.9,40.6,15.112,0.5172,1,0,1,0,0,0,1,0.040856346,0
3857288,FIFA World Cup 2022,43,106.4,54.9,20.173,0.2714,0,1,0,0,0,0,0,0.035070673,0
3857288,FIFA World Cup 2022,45,87.2,52.2,34.995,0.2138,0,1,0,0,0,0,1,0.0052714557,0
3857288,FIFA World Cup 2022,47,111.0,45.5,10.548,0.6473,0,1,0,0,0,0,1,0.23484555,0
3857288,FIFA World Cup 2022,56,107.3,39.8,12.702,0.6101,1,0,0,0,0,0,1,0.06400663,0
3857288,FIFA World Cup 2022,60,91.2,52.7,31.476,0.2321,0,0,0,0,0,0,1,0.020219443,0
3857288,FIFA World Cup 2022,65,101.8,31.8,19.962,0.3637,0,1,0,0,0,0,0,0.058604978,0
3857288,FIFA World Cup 2022,71,108.1,25.0,19.147,0.2651,0,1,0,0,0,0,0,0.026706748,0
3857288,FIFA World Cup 2022,71,95.6,42.2,24.499,0.3225,0,0,0,0,0,0,0,0.048467197,0
3857288,FIFA World Cup 2022,73,95.6,44.1,24.742,0.3164,0,1,0,0,0,0,1,0.039191317,0
3857288,FIFA World Cup 2022,74,110.1,38.0,10.1,0.7442,1,0,1,0,0,0,1,0.10262261,0
3857288,FIFA World Cup 2022,83,89.6,34.9,30.825,0.2547,0,1,0,0,0,0,1,0.012159805,0
3857288,FIFA World Cup 2022,85,98.4,54.6,26.071,0.2547,0,0,0,0,0,1,0,0.012915949,0
3857288,FIFA World Cup 2022,86,109.8,47.4,12.602,0.5191,0,0,0,0,0,0,0,0.1403044,0
3857288,FIFA World Cup 2022,87,109.9,49.4,13.797,0.4339,0,1,0,0,0,0,0,0.09264534,0
3857288,FIFA World Cup 2022,91,108.4,24.1,19.682,0.2449,0,0,0,0,0,0,0,0.021421792,0
3857267,FIFA World Cup 2022,2,106.9,45.7,14.286,0.5083,0,0,0,0,0,0,0,0.21271749,0
3857267,FIFA World Cup 2022,7,109.3,51.9,16.003,0.3425,0,1,0,0,0,0,1,0.16839646,0
3857267,FIFA World Cup 2022,9,86.9,40.9,33.112,0.2404,0,0,0,0,1,0,1,0.021615954,0
3857267,FIFA World Cup 2022,9,95.9,37.7,24.21,0.3261,0,1,0,0,0,0,1,0.02803523,0
3857267,FIFA World Cup 2022,10,99.2,40.2,20.801,0.3799,0,0,0,0,0,0,1,0.042373266,0
3857267,FIFA World Cup 2022,11,99.7,52.9,24.052,0.2811,0,0,0,0,0,0,1,0.02889044,0
3857267,FIFA World Cup 2022,23,104.1,25.5,21.519,0.2772,0,0,0,0,0,0,0,0.023828069,0
3857267,FIFA World Cup 2022,24,93.0,36.3,27.252,0.2889,0,0,0,0,0,0,1,0.025696881,0
3857267,FIFA World Cup 2022,24,107.9,41.9,12.248,0.6255,1,0,0,0,0,0,1,0.035411544,0
3857267,FIFA World Cup 2022,36,108.1,33.6,13.512,0.5192,1,0,0,0,0,0,1,0.03057826,0
3857267,FIFA World Cup 2022,46,107.3,46.7,14.359,0.4907,0,0,0,0,0,0,0,0.04522632,0
3857267,FIFA World Cup 2022,48,93.8,51.3,28.533,0.2568,0,0,0,0,0,0,1,0.025271386,0
3857267,FIFA World Cup 2022,56,106.7,38.8,13.354,0.5802,1,0,0,0,0,0,0,0.042533338,0
3857267,FIFA World Cup 2022,66,113.7,42.7,6.854,1.0197,1,0,0,0,0,0,1,0.15397952,0
3857267,FIFA World Cup 2022,66,117.2,35.6,5.215,1.1071,0,1,0,0,0,0,1,0.5894187,1
3857267,FIFA World Cup 2022,69,114.3,46.0,8.276,0.7153,0,1,0,0,0,0,1,0.23427999,1
3857267,FIFA World Cup 2022,75,107.0,42.8,13.298,0.574,0,0,0,0,0,0,1,0.058988493,0
3857267,FIFA World Cup 2022,81,101.3,54.6,23.724,0.267,0,1,0,0,0,0,1,0.04455093,0
3857267,FIFA World Cup 2022,87,102.6,54.8,22.843,0.2686,0,0,0,0,0,0,1,0.03201506,0
3857267,FIFA World Cup 2022,88,105.3,32.1,16.688,0.4212,1,0,0,0,0,0,1,0.02928531,0
3857267,FIFA World Cup 2022,93,105.9,34.3,15.209,0.4826,1,0,0,0,0,0,1,0.052534856,0
3857287,FIFA World Cup 2022,12,109.5,28.6,15.499,0.3585,1,0,0,0,0,0,1,0.052239094,0
3857287,FIFA World Cup 2022,18,103.9,35.4,16.744,0.4534,0,0,1,0,0,0,0,0.05187739,0
3857287,FIFA World Cup 2022,33,108.9,42.7,11.424,0.6597,0,1,0,0,0,0,1,0.323128,0
3857287,FIFA World Cup 2022,38,89.7,57.6,35.041,0.1974,0,0,0,0,0,0,1,0.007071261,0
3857287,FIFA World Cup 2022,42,110.0,40.4,10.008,0.7601,1,0,1,0,0,0,1,0.054689027,0
3857287,FIFA World Cup 2022,45,103.5,35.9,17.002,0.4503,1,0,0,0,0,0,1,0.046385217,0
3857287,FIFA World Cup 2022,52,111.5,46.1,10.462,0.629,0,0,0,0,0,0,1,0.046898182,0
3857287,FIFA World Cup 2022,54,101.3,38.3,18.777,0.4182,0,0,0,0,0,0,1,0.052523207,0
3857287,FIFA World Cup 2022,68,90.5,27.4,32.078,0.2289,0,1,0,0,0,0,0,0.014167523,0
3857287,FIFA World Cup 2022,68,106.6,47.5,15.356,0.4538,0,0,0,0,0,0,1,0.03804607,0
3857287,FIFA World Cup 2022,74,94.5,54.2,29.187,0.2394,0,0,0,0,0,0,0,0.023162797,0
3857287,FIFA World Cup 2022,76,93.4,42.0,26.675,0.2969,0,0,0,0,0,0,1,0.036145955,0
3857287,FIFA World Cup 2022,80,100.6,28.3,22.655,0.3025,0,0,0,0,0,0,0,0.028178101,0
3857287,FIFA World Cup 2022,86,110.5,39.7,9.505,0.7964,1,0,0,0,0,0,0,0.06689449,0
3857287,FIFA World Cup 2022,88,95.7,22.6,29.887,0.2181,0,0,0,0,0,0,0,0.012294213,0
3857287,FIFA World Cup 2022,89,93.8,36.6,26.42,0.2982,0,0,0,0,0,0,0,0.0335565,0
3857287,FIFA World Cup 2022,93,94.9,26.7,28.406,0.2486,0,0,0,0,0,0,1,0.023029828,0
3869486,FIFA World Cup 2022,3,106.8,44.2,13.852,0.5407,1,0,0,0,0,0,1,0.0989785,0
3869486,FIFA World Cup 2022,5,112.7,39.4,7.325,0.9982,1,0,0,0,0,0,1,0.117904566,0
3869486,FIFA World Cup 2022,12,105.6,23.6,21.825,0.2452,0,1,0,0,0,0,1,0.019215545,0
3869486,FIFA World Cup 2022,17,96.1,60.9,31.749,0.1904,0,0,0,0,0,0,0,0.008206696,0
3869486,FIFA World Cup 2022,25,106.7,39.8,13.302,0.5842,1,0,0,0,0,0,1,0.043849364,0
3869486,FIFA World Cup 2022,30,100.9,27.7,22.718,0.2965,0,0,0,0,0,0,0,0.027014187,0
3869486,FIFA World Cup 2022,34,108.7,31.3,14.261,0.4495,0,1,0,0,0,0,0,0.06053267,0
3869486,FIFA World Cup 2022,34,97.0,27.8,26.035,0.2712,0,0,0,0,0,0,0,0.03503226,0
3869486,FIFA World Cup 2022,38,102.2,35.4,18.385,0.4164,0,1,0,0,0,0,1,0.060545366,0
3869486,FIFA World Cup 2022,41,112.6,39.7,7.406,0.99,1,0,1,0,0,0,1,0.20030825,1
3869486,FIFA World Cup 2022,44,108.0,62.3,25.324,0.1523,0,1,0,0,0,0,1,0.0067060287,0
3869486,FIFA World Cup 2022,46,107.6,26.3,18.478,0.2959,0,1,0,0,0,1,0,0.082217455,0
3869486,FIFA World Cup 2022,55,93.4,44.2,26.93,0.2915,0,1,0,0,0,0,0,0.032880384,0
3869486,FIFA World Cup 2022,57,108.7,40.0,11.3,0.6804,1,0,0,0,0,0,0,0.10594022,0
3869486,FIFA World Cup 2022,60,109.7,29.4,14.78,0.3865,1,0,1,0,0,0,0,0.026895314,0
3869486,FIFA World Cup 2022,63,101.0,35.5,19.526,0.3944,0,0,1,0,0,0,1,0.057325892,0
3869486,FIFA World Cup 2022,70,109.8,35.9,10.993,0.6613,0,1,0,0,0,0,1,0.10927713,0
3869486,FIFA World Cup 2022,81,102.0,57.1,24.828,0.2354,0,1,0,0,0,0,0,0.025960794,0
3869486,FIFA World Cup 2022,90,101.8,53.7,22.78,0.2818,0,1,1,0,0,0,1,0.05699573,0
3869486,FIFA World Cup 2022,95,101.1,45.9,19.799,0.3823,0,0,0,1,0,0,0,0.39109123,0
3869486,FIFA World Cup 2022,96,114.1,44.5,7.42,0.8795,1,0,1,0,0,0,1,0.14926605,0
3857260,FIFA World Cup 2022,1,91.7,51.5,30.547,0.242,0,1,0,0,0,0,1,0.021919996,0
3857260,FIFA World Cup 2022,2,92.9,41.7,27.153,0.292,0,0,0,0,0,0,1,0.02182735,0
3857260,FIFA World Cup 2022,2,101.6,38.9,18.433,0.4267,0,1,0,0,0,0,0,0.3665275,0
3857260,FIFA World Cup 2022,7,113.0,54.1,15.742,0.237,0,0,0,1,0,0,0,0.047937077,0
3857260,FIFA World Cup 2022,12,96.3,33.5,24.575,0.312,0,0,0,0,1,0,1,0.073429175,0
3857260,FIFA World Cup 2022,22,92.7,40.4,27.303,0.2909,0,1,0,0,0,0,0,0.01981399,0
3857260,FIFA World Cup 2022,24,104.0,44.6,16.648,0.4557,0,1,0,0,0,0,1,0.0489465,0
3857260,FIFA World Cup 2022,26,115.8,34.5,6.92,0.8115,1,0,0,0,0,0,0,0.30787364,0
3857260,FIFA World Cup 2022,34,89.6,28.9,32.363,0.2316,0,0,0,0,0,0,1,0.016814427,0
3857260,FIFA World Cup 2022,35,106.8,43.3,13.606,0.5581,0,1,0,0,0,0,1,0.06430086,0
3857260,FIFA World Cup 2022,40,84.6,49.2,36.576,0.2111,0,0,0,0,1,0,1,0.0066389865,0
3857260,FIFA World Cup 2022,40,102.0,45.2,18.736,0.4059,0,0,0,0,0,0,1,0.062194254,0
3857260,FIFA World Cup 2022,44,106.1,29.3,17.541,0.3642,0,0,0,0,0,0,1,0.04950449,0
3857260,FIFA World Cup 2022,44,92.9,30.0,28.886,0.259,0,0,0,0,0,0,1,0.015146091,0
3857260,FIFA World Cup 2022,50,110.1,45.6,11.374,0.6098,1,0,0,0,0,0,0,0.10154356,0
3857260,FIFA World Cup 2022,46,85.5,41.2,34.521,0.2306,0,0,0,0,0,0,0,0.018109906,0
3857260,FIFA World Cup 2022,46,102.7,19.2,27.054,0.191,0,0,0,0,0,0,0,0.0068189544,0
3857260,FIFA World Cup 2022,46,116.7,40.2,3.306,1.7605,0,1,0,0,0,0,1,0.28809994,1
3857260,FIFA World Cup 2022,49,115.8,46.7,7.908,0.6254,0,1,0,0,0,0,1,0.21450256,0
3857260,FIFA World Cup 2022,51,86.7,41.3,33.325,0.2387,0,0,0,0,1,0,1,0.024289701,1
3857260,FIFA World Cup 2022,54,114.8,52.4,13.446,0.2473,1,0,0,1,0,0,1,0.030311959,0
3857260,FIFA World Cup 2022,58,112.0,40.0,8.0,0.9273,1,0,1,0,0,0,1,0.09122391,0
3857260,FIFA World Cup 2022,61,109.1,45.1,12.034,0.5951,1,0,0,0,0,0,1,0.037819926,0
3857260,FIFA World Cup 2022,66,97.5,31.3,24.123,0.3079,0,0,0,0,0,1,0,0.05300886,0
3857260,FIFA World Cup 2022,66,101.4,25.4,23.646,0.2674,0,1,0,0,0,0,0,0.013105479,0
3857260,FIFA World Cup 2022,69,108.8,34.9,12.307,0.5844,0,1,0,0,0,0,1,0.22500646,0
3857260,FIFA World Cup 2022,72,87.3,40.5,32.704,0.2434,0,0,0,0,1,0,1,0.027150616,0
3857260,FIFA World Cup 2022,75,100.5,32.9,20.752,0.3598,0,0,0,0,0,0,1,0.08600338,0
3857260,FIFA World Cup 2022,77,109.4,35.9,11.365,0.6431,0,1,0,0,0,1,0,0.26870292,0
3857260,FIFA World Cup 2022,77,85.8,42.8,34.314,0.2313,0,0,0,0,0,0,0,0.013687578,0
3857260,FIFA World Cup 2022,80,89.2,40.3,30.801,0.2583,0,0,0,0,0,0,1,0.019886926,0
3857260,FIFA World Cup 2022,82,101.0,46.0,19.925,0.3796,0,1,0,0,0,0,1,0.057560198,0
3857260,FIFA World Cup 2022,88,98.8,37.4,21.359,0.3678,0,1,0,0,0,1,0,0.06664524,0
3857260,FIFA World Cup 2022,91,92.9,31.8,28.313,0.2692,0,0,0,0,1,0,1,0.05359905,0
3857260,FIFA World Cup 2022,93,101.9,28.3,21.552,0.3123,0,0,0,0,0,0,1,0.06253588,0
3857260,FIFA World Cup 2022,94,110.9,45.2,10.481,0.6598,0,0,0,1,0,0,0,0.51574713,1
3857264,FIFA World Cup 2022,4,100.7,41.3,19.344,0.407,0,1,0,0,0,0,1,0.061495427,0
3857264,FIFA World Cup 2022,6,99.0,37.7,21.126,0.3722,0,0,0,0,0,0,0,0.050872557,0
3857264,FIFA World Cup 2022,8,94.3,40.5,25.705,0.3087,0,0,0,0,0,0,0,0.034158513,0
3857264,FIFA World Cup 2022,9,111.7,25.8,16.448,0.2552,0,0,0,0,0,0,0,0.053250678,0
3857264,FIFA World Cup 2022,16,107.0,27.9,17.76,0.3343,0,0,0,0,0,0,1,0.05141401,0
3857264,FIFA World Cup 2022,21,105.9,43.5,14.528,0.5243,0,1,0,0,0,0,1,0.06557972,0
3857264,FIFA World Cup 2022,27,110.8,47.7,11.997,0.5221,0,1,0,0,0,0,0,0.1493578,0
3857264,FIFA World Cup 2022,27,102.9,22.5,24.468,0.2306,0,0,0,0,0,0,0,0.024708062,0
3857264,FIFA World Cup 2022,32,119.6,79.2,39.202,0.0021,0,0,0,1,0,0,1,0.00018,0
3857264,FIFA World Cup 2022,34,91.6,39.7,28.402,0.2798,0,0,0,0,0,0,1,0.024548035,0
3857264,FIFA World Cup 2022,35,110.4,27.6,15.682,0.3224,0,0,0,1,0,0,0,0.19083758,0
3857264,FIFA World Cup 2022,42,102.4,27.0,21.881,0.2954,0,0,0,0,0,0,0,0.03720347,0
3857264,FIFA World Cup 2022,42,112.2,40.3,7.806,0.9468,0,0,0,0,0,0,0,0.3152717,0
3857264,FIFA World Cup 2022,43,106.7,58.4,22.704,0.2099,0,0,0,0,0,0,0,0.010134568,0
3857264,FIFA World Cup 2022,45,106.0,46.7,15.521,0.4621,0,1,0,0,0,0,0,0.107545994,1
3857264,FIFA World Cup 2022,49,108.8,43.5,11.734,0.6347,1,0,1,0,0,0,1,0.04381306,0
3857264,FIFA World Cup 2022,52,101.1,56.9,25.354,0.2367,0,0,0,0,0,0,1,0.026707038,0
3857264,FIFA World Cup 2022,52,105.8,28.4,18.336,0.3409,0,0,0,0,0,0,0,0.06119443,0
3857264,FIFA World Cup 2022,55,109.4,50.7,15.062,0.3824,0,0,1,0,0,0,0,0.058334265,0
3857264,FIFA World Cup 2022,55,107.7,41.5,12.391,0.621,0,0,0,0,0,0,0,0.15200824,0
3857264,FIFA World Cup 2022,60,106.0,46.0,15.232,0.4784,0,1,0,0,0,0,1,0.13009955,0
3857264,FIFA World Cup 2022,63,107.2,25.9,19.043,0.2872,0,0,0,0,0,1,0,0.023947677,0
3857264,FIFA World Cup 2022,66,106.0,33.5,15.435,0.4668,0,0,0,0,0,0,1,0.10054177,1
3857264,FIFA World Cup 2022,70,106.5,35.1,14.362,0.5163,0,1,0,0,0,0,0,0.13232325,0
3857264,FIFA World Cup 2022,72,106.1,52.6,18.761,0.3196,0,0,0,1,0,0,1,0.18145993,0
3857264,FIFA World Cup 2022,85,109.4,52.2,16.162,0.333,0,0,0,1,0,0,1,0.17955275,0
3857264,FIFA World Cup 2022,91,108.2,30.2,15.339,0.4065,0,1,0,0,0,0,1,0.22421487,0
3857289,FIFA World Cup 2022,9,107.6,38.6,12.479,0.6174,0,1,1,0,0,0,1,0.0988946,0
3857289,FIFA World Cup 2022,39,112.7,39.5,7.317,0.9995,1,0,1,0,0,0,1,0.13799548,0
3857289,FIFA World Cup 2022,44,92.4,35.8,27.918,0.2815,0,0,0,0,1,0,1,0.05948228,0
3857289,FIFA World Cup 2022,49,92.8,23.0,32.076,0.2116,0,0,0,0,0,0,1,0.0077116457,0
3857289,FIFA World Cup 2022,47,93.5,36.8,26.693,0.2955,0,0,0,0,0,0,1,0.040303126,0
3857289,FIFA World Cup 2022,50,94.8,41.9,25.272,0.3131,0,0,0,0,1,0,1,0.067327775,0
3857289,FIFA World Cup 2022,63,94.9,37.4,25.234,0.3128,0,0,0,0,0,0,0,0.033919714,1
3857289,FIFA World Cup 2022,69,101.5,49.2,20.661,0.3457,0,1,0,0,0,0,1,0.050896797,0
3857289,FIFA World Cup 2022,86,106.5,22.8,21.865,0.2296,0,0,0,0,0,0,1,0.035064373,1
3869254,FIFA World Cup 2022,4,104.1,27.2,20.412,0.3074,0,0,0,0,0,0,0,0.06137733,0
3869254,FIFA World Cup 2022,16,111.3,27.5,15.23,0.3118,0,0,0,0,0,0,1,0.10102074,1
3869254,FIFA World Cup 2022,21,101.4,36.8,18.873,0.4123,0,1,0,0,0,0,1,0.032515083,0
3869254,FIFA World Cup 2022,21,100.7,32.2,20.817,0.3544,0,1,0,0,0,0,0,0.072023906,0
3869254,FIFA World Cup 2022,29,87.2,46.1,33.362,0.2348,0,0,0,0,1,0,1,0.023890225,0
3869254,FIFA World Cup 2022,32,114.3,40.0,5.7,1.2238,1,0,1,0,0,0,1,0.12779379,1
3869254,FIFA World Cup 2022,37,115.9,44.0,5.728,1.0972,1,0,0,0,0,0,1,0.2948616,0
3869254,FIFA World Cup 2022,37,99.9,53.7,24.325,0.2724,0,0,0,0,0,0,1,0.024413843,0
3869254,FIFA World Cup 2022,42,107.5,33.4,14.135,0.4983,0,1,0,0,0,0,0,0.31703457,0
3869254,FIFA World Cup 2022,47,96.0,25.0,28.302,0.2399,0,0,0,0,0,0,1,0.021823613,0
3869254,FIFA World Cup 2022,48,114.4,35.1,7.441,0.8498,1,0,1,0,0,0,1,0.09938955,0
3869254,FIFA World Cup 2022,50,115.8,44.4,6.083,1.0122,0,1,0,0,0,0,0,0.5086819,1
3869254,FIFA World Cup 2022,52,103.5,26.4,21.382,0.2907,0,0,1,0,0,1,0,0.043932665,0
3869254,FIFA World Cup 2022,53,110.8,35.6,10.198,0.6965,1,0,1,0,0,0,1,0.05800441,0
3869254,FIFA World Cup 2022,54,110.9,32.4,11.856,0.5289,0,0,1,0,0,0,1,0.35848966,1
3869254,FIFA World Cup 2022,57,118.7,35.4,4.78,0.9884,0,1,0,0,0,0,1,0.6688656,1
3869254,FIFA World Cup 2022,65,101.7,63.9,30.101,0.163,0,0,0,0,0,0,1,0.007870479,0
3869254,FIFA World Cup 2022,66,112.6,45.8,9.402,0.6854,0,0,1,1,0,0,0,0.46699882,1
3869254,FIFA World Cup 2022,70,97.5,36.4,22.786,0.3435,0,0,0,0,0,0,1,0.04188712,0
3869254,FIFA World Cup 2022,75,88.9,44.9,31.484,0.2498,0,0,0,0,1,0,1,0.028790973,0
3869254,FIFA World Cup 2022,79,102.1,39.2,17.918,0.4389,0,0,1,0,0,0,0,0.032889098,0
3869254,FIFA World Cup 2022,80,113.2,34.5,8.746,0.7324,1,0,1,0,0,0,1,0.0836758,0
3869254,FIFA World Cup 2022,84,108.4,23.1,20.498,0.2257,0,0,0,0,0,0,0,0.032096077,0
3869254,FIFA World Cup 2022,91,105.0,21.7,23.662,0.2172,0,0,1,0,0,0,1,0.010257767,1
3869254,FIFA World Cup 2022,93,108.0,41.9,12.149,0.6302,1,0,0,0,0,0,1,0.03750256,0
3869118,FIFA World Cup 2022,20,113.5,45.4,8.45,0.7537,0,0,0,0,0,0,1,0.08366814,0
3869118,FIFA World Cup 2022,21,108.6,42.7,11.715,0.6449,0,1,0,0,0,0,0,0.05336251,0
3869118,FIFA World Cup 2022,22,115.7,40.5,4.329,1.4913,0,1,0,0,0,0,0,0.629174,0
3869118,FIFA World Cup 2022,31,112.8,28.9,13.231,0.3475,0,1,0,0,0,0,1,0.0358749,0
3869118,FIFA World Cup 2022,38,107.6,38.0,12.56,0.6106,0,1,0,0,0,0,0,0.13174866,1
3869118,FIFA World Cup 2022,40,110.0,39.3,10.024,0.7581,0,1,0,0,0,0,0,0.18422936,0
3869118,FIFA World Cup 2022,47,104.3,50.7,18.999,0.3492,0,0,1,0,0,0,0,0.20664306,1
3869118,FIFA World Cup 2022,49,92.8,35.2,27.62,0.2835,0,1,0,0,0,0,0,0.018660808,0
3869118,FIFA World Cup 2022,53,107.7,53.4,18.189,0.3029,0,0,0,0,0,0,0,0.03518777,0
3869118,FIFA World Cup 2022,55,90.5,27.1,32.197,0.2272,0,0,0,0,0,0,0,0.015214441,0
3869118,FIFA World Cup 2022,56,111.0,35.9,9.89,0.7217,0,1,1,0,0,0,0,0.21738943,1
3869118,FIFA World Cup 2022,68,89.0,36.2,31.232,0.2529,0,0,0,0,0,0,1,0.013223637,0
3869118,FIFA World Cup 2022,73,87.8,49.9,33.688,0.2263,0,0,0,0,1,0,1,0.021199826,0
3869118,FIFA World Cup 2022,83,111.6,39.3,8.429,0.8845,1,0,0,0,0,0,0,0.107544675,0
3869118,FIFA World Cup 2022,86,96.7,52.4,26.394,0.2673,0,0,0,0,0,0,1,0.027956013,0
3869118,FIFA World Cup 2022,88,93.1,38.3,26.954,0.2941,0,1,0,0,0,0,1,0.032847784,0
3869118,FIFA World Cup 2022,90,117.8,45.9,6.297,0.6398,0,1,1,0,0,0,0,0.1459426,0
3869118,FIFA World Cup 2022,92,94.0,54.7,29.868,0.2331,0,0,0,0,1,0,1,0.03296228,0
3869519,FIFA World Cup 2022,15,115.0,27.7,13.277,0.2446,1,0,1,0,0,0,1,0.014029023,0
3869519,FIFA World Cup 2022,24,93.1,36.9,27.078,0.2915,0,0,0,0,0,0,1,0.027808638,0
3869519,FIFA World Cup 2022,30,106.9,23.2,21.304,0.2349,0,0,0,0,0,0,1,0.034139045,0
3869519,FIFA World Cup 2022,38,112.7,37.4,7.749,0.9246,0,0,0,1,0,1,0,0.36172354,1
3869519,FIFA World Cup 2022,40,95.6,51.4,26.932,0.2685,0,0,0,0,0,0,0,0.027667157,0
3869519,FIFA World Cup 2022,41,113.5,32.8,9.7,0.5875,1,0,0,0,0,0,1,0.0684051,0
3869519,FIFA World Cup 2022,44,92.9,46.3,27.823,0.2785,0,0,0,0,0,0,1,0.026162526,0
3869519,FIFA World Cup 2022,44,119.4,45.8,5.831,0.2606,0,1,0,0,0,0,1,0.07864248,0
3869519,FIFA World Cup 2022,48,85.0,44.8,35.328,0.2235,0,0,0,0,0,0,0,0.014370957,0
3869519,FIFA World Cup 2022,57,112.7,30.1,12.3,0.4075,0,0,1,0,0,0,0,0.10581502,0
3869519,FIFA World Cup 2022,57,98.4,22.8,27.612,0.2275,0,0,0,0,0,0,1,0.021008598,0
3869519,FIFA World Cup 2022,61,112.7,40.1,7.301,1.0024,1,0,1,0,0,0,1,0.09374543,0
3869519,FIFA World Cup 2022,68,113.3,45.4,8.605,0.7456,0,1,0,0,0,0,1,0.33366448,1
3869519,FIFA World Cup 2022,72,82.3,43.9,37.901,0.2092,0,0,0,0,1,0,1,0.00752127,0
3869519,FIFA World Cup 2022,74,85.8,21.3,38.979,0.18,0,0,0,0,0,0,1,0.0058680973,0
3869519,FIFA World Cup 2022,77,108.0,21.9,21.717,0.2077,0,0,0,0,0,0,0,0.011610668,0
3869519,FIFA World Cup 2022,82,107.1,46.7,14.536,0.4861,0,1,0,0,0,0,1,0.14140838,0
3869519,FIFA World Cup 2022,88,96.0,35.4,24.437,0.3191,0,0,0,0,0,0,1,0.044770177,0
3869519,FIFA World Cup 2022,92,103.6,52.3,20.5,0.3138,0,0,0,0,0,0,1,0.049129687,0
3869519,FIFA World Cup 2022,94,89.3,36.5,30.899,0.2559,0,0,0,0,0,0,0,0.02342664,0
3869354,FIFA World Cup 2022,3,100.2,40.0,19.8,0.3987,0,0,0,0,0,0,0,0.022691524,0
3869354,FIFA World Cup 2022,10,110.3,38.2,9.866,0.7619,1,0,0,0,0,0,0,0.21537142,0
3869354,FIFA World Cup 2022,16,92.5,43.5,27.722,0.2844,0,0,0,0,0,0,0,0.027870113,1
3869354,FIFA World Cup 2022,20,98.0,53.2,25.656,0.2675,0,0,0,0,1,0,1,0.05589417,0
3869354,FIFA World Cup 2022,21,113.6,52.2,13.777,0.2865,0,1,0,0,0,0,1,0.07522586,0
3869354,FIFA World Cup 2022,21,117.3,35.7,5.077,1.1456,1,0,1,0,0,0,1,0.21807538,0
3869354,FIFA World Cup 2022,28,96.7,57.1,28.902,0.2237,0,0,0,0,0,0,1,0.018916143,0
3869354,FIFA World Cup 2022,38,107.9,32.9,14.029,0.4915,0,1,0,0,0,0,1,0.06798863,0
3869354,FIFA World Cup 2022,46,101.1,48.0,20.523,0.3571,0,1,0,0,0,0,1,0.046397094,0
3869354,FIFA World Cup 2022,47,116.2,30.9,9.862,0.358,1,0,1,0,0,0,1,0.048588943,0
3869354,FIFA World Cup 2022,51,101.1,56.4,25.023,0.2429,0,1,0,0,0,0,1,0.017202334,0
3869354,FIFA World Cup 2022,54,95.6,43.2,24.609,0.3197,0,1,0,0,0,0,0,0.06667264,0
3869354,FIFA World Cup 2022,59,103.2,47.6,18.439,0.3932,0,0,1,0,0,0,0,0.07073746,0
3869354,FIFA World Cup 2022,60,99.5,53.8,24.712,0.2691,0,0,0,0,0,0,0,0.030820057,0
3869354,FIFA World Cup 2022,61,99.1,53.8,25.045,0.267,0,0,0,0,0,0,0,0.029508974,0
3869354,FIFA World Cup 2022,69,109.1,35.0,11.992,0.5987,1,0,0,0,0,0,1,0.07199757,0
3869354,FIFA World Cup 2022,70,108.4,21.7,21.667,0.2019,0,0,0,0,0,0,0,0.006951497,0
3869354,FIFA World Cup 2022,74,112.9,47.0,9.97,0.5978,1,0,1,1,0,0,0,0.075690374,0
3869354,FIFA World Cup 2022,76,111.3,40.5,8.714,0.8598,0,1,0,0,0,0,0,0.20829616,0
3869354,FIFA World Cup 2022,77,114.7,36.4,6.407,1.0372,1,0,1,0,0,0,1,0.14665264,1
3869354,FIFA World Cup 2022,88,89.5,44.7,30.86,0.2549,0,0,0,0,0,0,0,0.024138648,0
3869354,FIFA World Cup 2022,100,97.5,34.1,23.261,0.3303,0,0,0,0,1,0,1,0.07922588,0
3869552,FIFA World Cup 2022,4,108.5,47.3,13.621,0.4972,0,0,1,0,0,0,1,0.09459595,0
3869552,FIFA World Cup 2022,4,115.7,31.5,9.526,0.4314,0,1,0,0,0,0,1,0.0979349,1
3869552,FIFA World Cup 2022,9,95.5,26.2,28.119,0.2478,0,0,0,0,0,0,0,0.01924696,0
3869552,FIFA World Cup 2022,16,106.4,54.6,19.953,0.2774,0,0,0,0,0,0,0,0.06111174,0
3869552,FIFA World Cup 2022,16,105.4,26.8,19.682,0.3047,0,0,0,0,0,0,0,0.09802507,0
3869552,FIFA World Cup 2022,25,95.3,53.3,28.053,0.2509,0,0,0,0,0,0,1,0.020597277,0
3869552,FIFA World Cup 2022,32,96.0,32.9,25.028,0.3047,0,1,0,0,0,0,0,0.040336993,0
3869552,FIFA World Cup 2022,34,111.9,44.5,9.266,0.7478,1,0,1,0,0,0,1,0.060999498,0
3869552,FIFA World Cup 2022,34,104.3,46.5,16.992,0.4316,0,1,0,0,0,0,1,0.061363008,0
3869552,FIFA World Cup 2022,35,111.7,30.9,12.317,0.4551,0,0,0,0,0,1,0,0.15100354,0
3869552,FIFA World Cup 2022,35,105.8,42.5,14.418,0.5345,0,1,0,0,0,1,0,0.2635025,0
3869552,FIFA World Cup 2022,39,113.7,47.9,10.104,0.5296,0,1,0,0,0,0,1,0.07554505,0
3869552,FIFA World Cup 2022,43,107.2,33.9,14.179,0.5054,0,1,0,0,0,0,1,0.06408756,0
3869552,FIFA World Cup 2022,43,96.7,37.2,23.468,0.3354,0,1,0,0,0,0,1,0.035300843,0
3869552,FIFA World Cup 2022,46,94.0,50.6,28.078,0.2631,0,0,1,0,0,0,1,0.01766911,0
3869552,FIFA World Cup 2022,52,109.8,35.1,11.316,0.6294,0,1,0,0,0,0,1,0.24936919,0
3869552,FIFA World Cup 2022,53,92.5,36.0,27.789,0.2831,0,0,0,0,0,0,1,0.020691318,0
3869552,FIFA World Cup 2022,70,114.5,45.5,7.778,0.7797,1,0,1,0,0,0,1,0.115658596,0
3869552,FIFA World Cup 2022,73,111.6,27.3,15.227,0.3018,0,0,0,0,0,0,0,0.040043775,0
3869552,FIFA World Cup 2022,78,107.2,29.8,16.367,0.3861,0,0,1,0,0,0,0,0.033641826,0
3869552,FIFA World Cup 2022,78,115.6,43.8,5.814,1.1026,0,1,0,0,0,0,0,0.8521293,1
3869552,FIFA World Cup 2022,85,107.1,41.0,12.939,0.5983,1,0,1,0,0,0,1,0.024939176,0
3869552,FIFA World Cup 2022,92,106.9,32.9,14.9,0.4706,0,0,0,0,0,0,1,0.05950738,0
3869552,FIFA World Cup 2022,92,103.0,48.2,18.874,0.3803,0,0,0,0,0,0,1,0.06379096,0
3869552,FIFA World Cup 2022,93,98.1,48.0,23.315,0.3206,0,0,0,0,0,0,1,0.03807111,0
3869552,FIFA World Cup 2022,93,108.6,44.6,12.293,0.5937,0,0,0,0,0,0,1,0.067406826,0
3869552,FIFA World Cup 2022,93,115.9,37.4,4.855,1.344,0,0,0,0,0,0,1,0.50624365,0
3869420,FIFA World Cup 2022,4,98.8,20.8,28.602,0.2084,0,0,0,0,0,0,1,0.008460451,0
3869420,FIFA World Cup 2022,12,112.2,43.2,8.431,0.8476,0,1,0,0,0,0,1,0.19016835,0
3869420,FIFA World Cup 2022,18,99.5,27.0,24.274,0.2786,0,0,0,0,0,0,0,0.026674595,0
3869420,FIFA World Cup 2022,19,103.0,34.8,17.778,0.4256,0,1,0,0,0,0,0,0.06970771,0
3869420,FIFA World Cup 2022,20,107.2,24.9,19.795,0.266,0,0,0,0,0,0,0,0.025347186,0
3869420,FIFA World Cup 2022,22,96.4,49.8,25.554,0.2881,0,1,0,0,0,0,0,0.030699778,0
3869420,FIFA World Cup 2022,29,100.8,20.7,27.224,0.2087,0,0,0,0,0,0,0,0.012010745,0
3869420,FIFA World Cup 2022,41,100.9,17.2,29.743,0.1741,0,0,0,0,1,0,1,0.008240742,0
3869420,FIFA World Cup 2022,50,111.9,41.4,8.22,0.8986,1,0,1,0,0,0,1,0.11005159,0
3869420,FIFA World Cup 2022,54,112.6,29.0,13.257,0.3549,0,1,0,0,0,0,0,0.16692519,0
3869420,FIFA World Cup 2022,65,89.1,28.8,32.867,0.2282,0,0,0,0,1,0,1,0.026057322,0
3869420,FIFA World Cup 2022,65,111.6,34.5,10.04,0.6701,0,1,0,0,0,0,1,0.26807922,0
3869420,FIFA World Cup 2022,66,101.4,53.7,23.101,0.2799,0,0,0,0,0,0,1,0.04353941,0
3869420,FIFA World Cup 2022,70,101.2,57.3,25.549,0.232,0,0,0,0,0,0,1,0.030721588,0
3869420,FIFA World Cup 2022,75,114.1,28.2,13.193,0.2902,0,1,0,0,0,0,0,0.12963046,0
3869420,FIFA World Cup 2022,79,104.6,32.8,17.0,0.4239,0,1,0,0,0,0,1,0.092192985,0
3869420,FIFA World Cup 2022,81,109.4,41.0,10.647,0.7166,1,0,1,0,0,0,0,0.067200735,0
3869420,FIFA World Cup 2022,84,107.0,54.2,19.252,0.2853,0,0,0,0,0,0,1,0.026884926,0
3869420,FIFA World Cup 2022,85,102.5,50.1,20.205,0.3428,0,1,0,0,0,0,0,0.04975106,0
3869420,FIFA World Cup 2022,85,104.7,46.8,16.743,0.4337,0,1,0,0,0,0,0,0.06132018,0
3869420,FIFA World Cup 2022,93,94.6,56.8,30.453,0.2194,0,0,0,0,0,0,1,0.013999131,0
3869420,FIFA World Cup 2022,91,112.9,49.4,11.78,0.4333,1,0,0,0,0,0,1,0.057022728,0
3869420,FIFA World Cup 2022,100,107.2,38.8,12.856,0.6012,0,1,0,0,0,0,1,0.113875866,0
3869420,FIFA World Cup 2022,102,103.7,46.4,17.511,0.4217,0,1,0,0,0,0,0,0.12467693,0
3869420,FIFA World Cup 2022,104,96.9,22.6,28.92,0.2216,0,0,0,0,0,0,1,0.0154907415,0
3869420,FIFA World Cup 2022,105,116.5,47.2,8.006,0.5273,0,0,0,0,0,0,1,0.4674385,1
3869420,FIFA World Cup 2022,116,103.2,38.6,16.858,0.4645,0,1,0,0,0,0,0,0.09977819,1
3869420,FIFA World Cup 2022,119,91.5,55.0,32.206,0.2197,0,0,0,0,0,0,1,0.01192189,0
3869420,FIFA World Cup 2022,121,114.0,31.0,10.817,0.4437,0,1,0,0,0,0,1,0.10135116,0
3869220,FIFA World Cup 2022,11,93.4,27.5,29.391,0.2459,0,0,0,0,1,0,1,0.041958537,0
3869220,FIFA World Cup 2022,25,115.0,25.0,15.811,0.1693,0,0,0,1,0,0,0,0.025564773,0
3869220,FIFA World Cup 2022,32,89.4,37.7,30.686,0.2585,0,0,0,0,0,0,1,0.023416335,0
3869220,FIFA World Cup 2022,41,113.2,43.7,7.741,0.8915,1,0,0,0,0,0,1,0.25141555,0
3869220,FIFA World Cup 2022,54,110.2,12.6,29.1,0.0941,0,1,0,0,0,0,1,0.0073576192,0
3869220,FIFA World Cup 2022,77,97.2,31.3,24.403,0.3049,0,1,0,0,0,0,0,0.031760626,0
3869220,FIFA World Cup 2022,81,118.8,50.9,10.966,0.0918,0,1,0,0,0,0,1,0.017266534,0
3869220,FIFA World Cup 2022,85,110.6,40.8,9.434,0.8002,0,1,0,0,0,0,1,0.119254045,0
3869220,FIFA World Cup 2022,90,115.3,51.1,12.054,0.283,1,0,0,1,0,0,1,0.049165204,0
3869220,FIFA World Cup 2022,95,107.7,38.8,12.358,0.6238,1,0,0,0,0,0,1,0.04145577,0
3869220,FIFA World Cup 2022,99,112.5,28.9,13.396,0.3518,0,0,0,0,0,0,1,0.077706024,0
3869220,FIFA World Cup 2022,102,79.9,46.8,40.672,0.1934,0,0,0,0,0,0,0,0.0056476467,0
3869220,FIFA World Cup 2022,103,109.7,47.1,12.51,0.5304,0,0,1,0,0,0,0,0.1301347,0
3869220,FIFA World Cup 2022,106,100.3,53.3,23.769,0.2796,0,1,0,0,0,0,1,0.024551911,0
3869220,FIFA World Cup 2022,105,59.6,39.7,60.401,0.1323,0,1,0,0,0,0,0,0.004195439,0
3869220,FIFA World Cup 2022,120,102.6,47.1,18.793,0.3915,0,0,0,0,0,0,0,0.0709334,0
3869220,FIFA World Cup 2022,121,104.3,44.4,16.305,0.4658,1,0,0,0,0,0,0,0.039505202,0
3869220,FIFA World Cup 2022,122,117.8,48.1,8.393,0.3126,0,1,0,0,0,0,1,0.10407615,0
3869219,FIFA World Cup 2022,2,112.6,38.8,7.497,0.9743,1,0,1,0,0,0,1,0.11361285,0
3869219,FIFA World Cup 2022,7,116.7,29.0,11.484,0.224,0,0,0,1,0,0,0,0.05943511,0
3869219,FIFA World Cup 2022,7,114.5,38.3,5.757,1.1993,0,0,1,0,0,0,0,0.17775308,0
3869219,FIFA World Cup 2022,23,101.1,43.6,19.24,0.4035,0,1,0,0,0,0,1,0.061746918,0
3869219,FIFA World Cup 2022,40,114.1,28.8,12.659,0.3162,0,0,0,0,0,0,0,0.08994952,0
3869219,FIFA World Cup 2022,42,113.5,44.3,7.794,0.8603,0,1,1,0,0,0,1,0.45874894,1
3869219,FIFA World Cup 2022,45,94.7,38.3,25.357,0.3123,0,0,0,0,0,1,0,0.03904812,0
3869219,FIFA World Cup 2022,48,100.1,47.1,21.129,0.3543,0,1,0,0,0,0,1,0.02993381,0
3869219,FIFA World Cup 2022,49,98.2,36.8,22.034,0.3557,0,1,0,0,0,0,0,0.041140273,0
3869219,FIFA World Cup 2022,54,106.0,34.1,15.192,0.4806,1,0,0,0,0,0,0,0.02684295,1
3869219,FIFA World Cup 2022,56,94.4,52.9,28.667,0.2489,0,0,0,0,0,0,1,0.019910807,0
3869219,FIFA World Cup 2022,59,90.0,41.9,30.06,0.2641,0,0,1,0,0,0,0,0.020528734,0
3869219,FIFA World Cup 2022,59,97.8,36.3,22.506,0.3474,0,1,0,0,0,0,0,0.052081473,0
3869219,FIFA World Cup 2022,59,100.4,43.7,19.946,0.3896,0,0,0,0,0,0,0,0.056113943,0
3869219,FIFA World Cup 2022,62,96.3,48.9,25.316,0.2946,0,0,0,0,0,0,0,0.031055314,0
3869219,FIFA World Cup 2022,65,95.5,48.2,25.836,0.2922,0,0,0,0,0,0,0,0.018378427,0
3869219,FIFA World Cup 2022,65,98.9,23.8,26.602,0.2394,0,0,0,0,0,0,0,0.018472007,0
3869219,FIFA World Cup 2022,65,109.5,45.1,11.673,0.6097,1,0,0,0,0,0,0,0.10111922,0
3869219,FIFA World Cup 2022,73,107.5,44.5,13.285,0.5572,1,0,0,0,0,0,1,0.035465226,0
3869219,FIFA World Cup 2022,76,98.1,30.4,23.912,0.3054,0,0,0,0,0,0,1,0.030077945,0
3869219,FIFA World Cup 2022,85,110.5,42.8,9.904,0.7469,1,0,1,0,0,0,1,0.052599985,0
3869219,FIFA World Cup 2022,91,114.6,49.3,10.754,0.4091,1,0,0,0,0,0,1,0.0608747,0
3869219,FIFA World Cup 2022,100,107.2,34.1,14.094,0.511,0,1,0,0,0,0,1,0.07439702,0
3869219,FIFA World Cup 2022,100,95.1,31.3,26.376,0.2851,0,1,0,0,0,0,1,0.015196718,0
3869219,FIFA World Cup 2022,104,99.8,34.6,20.909,0.3663,0,0,0,0,0,0,1,0.054134306,0
3869219,FIFA World Cup 2022,104,95.7,37.1,24.472,0.3219,0,1,0,0,0,0,1,0.02615668,0
3869219,FIFA World Cup 2022,104,102.6,40.3,17.403,0.4518,0,1,0,0,0,0,1,0.03667642,0
3869219,FIFA World Cup 2022,113,112.8,47.7,10.542,0.5444,1,0,1,0,0,0,1,0.047236525,0
3869219,FIFA World Cup 2022,120,106.8,19.7,24.214,0.1831,0,0,0,0,0,0,1,0.009676031,0
3869219,FIFA World Cup 2022,120,99.8,33.0,21.378,0.3512,0,1,0,0,0,0,1,0.06501122,0
3869253,FIFA World Cup 2022,6,111.3,44.4,9.749,0.7219,0,1,0,0,0,0,1,0.083826184,0
3869253,FIFA World Cup 2022,6,110.0,29.9,14.213,0.4062,0,0,0,0,0,0,1,0.13057186,1
3869253,FIFA World Cup 2022,16,90.4,28.0,31.94,0.2316,0,0,0,0,0,0,0,0.016991004,0
3869253,FIFA World Cup 2022,16,91.7,46.4,29.015,0.2676,0,0,0,0,0,0,1,0.026666574,0
3869253,FIFA World Cup 2022,24,82.7,33.0,37.951,0.2065,0,0,0,0,0,0,1,0.0058221314,0
3869253,FIFA World Cup 2022,28,110.7,43.3,9.868,0.7406,0,0,0,1,0,0,1,0.5379008,1
3869253,FIFA World Cup 2022,30,94.7,30.7,26.955,0.2775,0,0,0,0,0,0,0,0.02589997,0
3869253,FIFA World Cup 2022,31,119.3,30.8,9.227,0.0808,0,0,0,1,0,0,0,0.017834108,0
3869253,FIFA World Cup 2022,33,93.6,43.2,26.593,0.2965,0,1,0,0,0,0,1,0.029429397,0
3869253,FIFA World Cup 2022,35,110.0,44.8,11.092,0.6418,0,1,1,0,0,0,1,0.08633457,1
3869253,FIFA World Cup 2022,45,112.0,49.2,12.192,0.4496,0,1,0,0,0,0,0,0.2577265,0
3869253,FIFA World Cup 2022,48,110.3,51.6,15.121,0.3499,0,0,0,0,0,1,0,0.2681848,0
3869253,FIFA World Cup 2022,48,111.4,42.3,8.902,0.8274,0,0,1,0,0,1,0,0.26870713,0
3869253,FIFA World Cup 2022,45,104.3,51.7,19.58,0.3294,0,0,0,0,0,0,0,0.04634087,0
3869253,FIFA World Cup 2022,46,105.3,27.9,19.039,0.3272,0,0,0,0,0,0,0,0.1490943,0
3869253,FIFA World Cup 2022,53,110.4,50.6,14.301,0.3869,0,0,0,0,0,0,1,0.080992505,0
3869253,FIFA World Cup 2022,53,110.4,26.8,16.322,0.2976,0,0,1,0,0,0,1,0.05640157,0
3869253,FIFA World Cup 2022,57,91.0,34.0,29.614,0.2632,0,0,0,0,1,0,1,0.04321825,0
3869253,FIFA World Cup 2022,61,114.6,51.1,12.344,0.3068,0,0,0,1,0,0,0,0.16284284,0
3869253,FIFA World Cup 2022,67,106.8,51.7,17.639,0.3436,0,1,0,0,0,0,0,0.04724954,0
3869253,FIFA World Cup 2022,75,93.7,39.8,26.301,0.3019,0,0,0,0,0,0,1,0.023081098,1
3869253,FIFA World Cup 2022,88,111.1,53.1,15.837,0.2944,0,1,0,0,0,0,1,0.027839905,0
3869253,FIFA World Cup 2022,89,116.1,41.0,4.026,1.5641,1,0,0,0,0,0,1,0.34439024,0
3869253,FIFA World Cup 2022,89,112.9,53.6,15.342,0.2534,0,0,0,1,0,0,0,0.058088522,0
3869253,FIFA World Cup 2022,92,88.4,46.1,32.183,0.243,0,0,0,0,0,0,1,0.027316706,0
3869152,FIFA World Cup 2022,3,114.3,40.0,5.7,1.2238,1,0,1,0,0,0,1,0.1462742,0
3869152,FIFA World Cup 2022,10,116.0,51.8,12.46,0.2259,0,0,0,0,0,0,1,0.040392082,0
3869152,FIFA World Cup 2022,12,87.8,30.9,33.461,0.2293,0,0,0,0,0,0,1,0.017185243,0
3869152,FIFA World Cup 2022,16,99.2,46.7,21.852,0.346,0,0,0,0,0,0,1,0.07651916,0
3869152,FIFA World Cup 2022,20,92.5,43.3,27.697,0.2849,0,0,0,0,0,0,0,0.03323787,0
3869152,FIFA World Cup 2022,21,94.5,56.1,30.157,0.2245,0,0,0,0,0,0,0,0.01624438,0
3869152,FIFA World Cup 2022,24,109.5,24.7,18.556,0.2505,0,1,0,0,0,0,0,0.043646414,0
3869152,FIFA World Cup 2022,32,94.8,26.6,28.541,0.2473,0,0,0,0,1,0,1,0.042642463,0
3869152,FIFA World Cup 2022,33,99.1,56.2,26.443,0.24,0,1,0,0,0,0,0,0.023505978,0
3869152,FIFA World Cup 2022,34,111.5,24.9,17.328,0.2348,0,0,0,0,0,0,0,0.047962468,0
3869152,FIFA World Cup 2022,35,105.2,44.5,15.469,0.4876,0,1,0,0,0,0,1,0.046657436,0
3869152,FIFA World Cup 2022,37,106.6,41.6,13.495,0.5731,0,1,0,0,0,0,1,0.13905574,0
3869152,FIFA World Cup 2022,37,111.4,43.9,9.443,0.7546,0,1,0,0,0,0,1,0.2098723,0
3869152,FIFA World Cup 2022,37,114.1,50.5,12.044,0.3506,0,1,0,0,0,0,1,0.07224382,0
3869152,FIFA World Cup 2022,43,105.6,32.3,16.329,0.4308,0,0,0,0,0,0,1,0.28635955,1
3869152,FIFA World Cup 2022,45,108.8,51.7,16.197,0.3489,0,0,0,0,0,0,1,0.03898995,0
3869152,FIFA World Cup 2022,47,106.9,63.2,26.643,0.1499,0,0,0,0,1,0,1,0.008752431,0
3869152,FIFA World Cup 2022,47,98.0,38.5,22.051,0.3581,0,1,0,0,0,0,1,0.032634486,0
3869152,FIFA World Cup 2022,55,102.0,26.7,22.381,0.2887,0,0,0,0,0,0,1,0.02943752,0
3869152,FIFA World Cup 2022,62,110.2,26.3,16.844,0.2849,0,1,0,0,0,0,0,0.054253228,0
3869152,FIFA World Cup 2022,65,115.8,46.8,7.992,0.6119,0,1,1,0,0,0,0,0.12365263,0
3869152,FIFA World Cup 2022,70,114.0,32.0,10.0,0.5191,1,0,1,0,0,0,1,0.041239407,0
3869152,FIFA World Cup 2022,73,104.8,28.6,19.0,0.3389,0,0,0,0,0,0,0,0.08738103,1
3869152,FIFA World Cup 2022,80,105.0,33.4,16.388,0.4436,0,0,0,0,0,0,1,0.069959894,0
3869152,FIFA World Cup 2022,90,106.2,25.2,20.236,0.2735,0,0,0,0,0,0,0,0.042708755,1
3869152,FIFA World Cup 2022,91,105.6,48.7,16.824,0.4073,0,1,1,0,0,0,0,0.061160102,0
3869152,FIFA World Cup 2022,93,113.0,40.0,7.0,1.0383,1,0,1,0,0,0,0,0.10443308,0
3869117,FIFA World Cup 2022,2,107.1,34.9,13.872,0.5293,0,1,0,0,0,0,1,0.3196895,0
3869117,FIFA World Cup 2022,9,104.9,43.7,15.547,0.4914,0,1,0,0,0,0,0,0.16183718,1
3869117,FIFA World Cup 2022,17,103.6,30.6,18.903,0.367,0,1,0,0,0,0,0,0.07337185,0
3869117,FIFA World Cup 2022,20,106.1,62.1,26.108,0.1655,0,1,0,0,0,0,1,0.008920797,0
3869117,FIFA World Cup 2022,42,97.5,53.3,26.137,0.2635,0,0,0,0,0,0,0,0.028368456,0
3869117,FIFA World Cup 2022,43,105.2,46.2,16.046,0.4559,0,0,0,0,0,0,0,0.07418261,0
3869117,FIFA World Cup 2022,45,107.6,38.5,12.49,0.6164,0,1,0,0,0,0,1,0.2502288,1
3869117,FIFA World Cup 2022,48,109.1,36.5,11.448,0.6485,1,0,1,0,0,0,1,0.03899759,0
3869117,FIFA World Cup 2022,48,116.5,37.1,4.545,1.4059,0,0,0,0,0,0,1,0.2582279,0
3869117,FIFA World Cup 2022,48,108.4,37.0,11.982,0.6289,1,0,1,0,0,0,1,0.06857926,0
3869117,FIFA World Cup 2022,50,100.9,57.3,25.77,0.2315,0,0,0,0,0,0,1,0.01609117,0
3869117,FIFA World Cup 2022,52,98.4,27.3,25.057,0.2753,0,0,0,0,0,0,1,0.040512722,0
3869117,FIFA World Cup 2022,53,102.1,35.0,18.585,0.4101,0,0,0,0,0,0,0,0.053084504,0
3869117,FIFA World Cup 2022,60,100.0,50.7,22.682,0.3106,0,0,0,0,0,0,0,0.053106464,0
3869117,FIFA World Cup 2022,60,98.6,47.0,22.516,0.3355,0,1,0,0,0,0,0,0.046333984,0
3869117,FIFA World Cup 2022,62,99.1,51.0,23.618,0.2993,0,0,0,0,0,0,0,0.04334448,0
3869117,FIFA World Cup 2022,70,111.8,41.3,8.302,0.8919,1,0,1,0,0,0,1,0.08036702,0
3869117,FIFA World Cup 2022,70,94.5,37.8,25.595,0.309,0,0,0,0,0,0,0,0.04472613,0
3869117,FIFA World Cup 2022,70,113.1,34.4,8.887,0.7197,1,0,0,1,0,0,0,0.27671057,0
3869117,FIFA World Cup 2022,73,98.9,49.9,23.307,0.3099,0,0,0,0,0,0,0,0.042619057,0
3869117,FIFA World Cup 2022,74,115.2,55.6,16.322,0.1522,0,0,0,0,0,0,0,0.046546377,0
3869117,FIFA World Cup 2022,75,115.1,45.2,7.145,0.8412,0,1,0,0,0,0,1,0.3636808,1
3869117,FIFA World Cup 2022,77,109.5,32.8,12.731,0.5218,0,1,0,0,0,0,0,0.25042096,0
3869117,FIFA World Cup 2022,78,99.5,25.3,25.226,0.2585,0,0,0,0,0,0,0,0.031073315,0
3869117,FIFA World Cup 2022,80,113.5,44.3,7.794,0.8603,0,1,0,0,0,0,0,0.23592436,1
3869117,FIFA World Cup 2022,85,107.2,43.0,13.147,0.5784,0,0,0,0,0,0,1,0.05674074,0
3869117,FIFA World Cup 2022,88,103.1,51.4,20.386,0.3263,0,0,0,0,0,0,0,0.043403003,0
3869117,FIFA World Cup 2022,93,103.9,44.2,16.639,0.4587,0,1,0,0,0,0,1,0.054460905,0
3869117,FIFA World Cup 2022,94,111.3,40.2,8.702,0.8616,1,0,1,0,0,0,1,0.072495155,0
3857270,FIFA World Cup 2022,2,98.2,27.8,24.982,0.2793,0,0,0,0,0,0,0,0.039672486,0
3857270,FIFA World Cup 2022,2,104.9,30.5,17.84,0.3802,0,1,0,0,0,0,1,0.048683427,0
3857270,FIFA World Cup 2022,7,90.8,53.9,32.34,0.2231,0,0,0,0,0,0,1,0.014580331,0
3857270,FIFA World Cup 2022,11,109.4,37.1,10.99,0.6804,1,0,0,0,0,0,1,0.050594334,0
3857270,FIFA World Cup 2022,15,101.0,30.9,21.067,0.3414,0,0,0,0,0,0,0,0.033737455,0
3857270,FIFA World Cup 2022,17,96.0,23.4,29.182,0.2259,0,0,0,0,1,0,1,0.026755862,0
3857270,FIFA World Cup 2022,19,92.4,50.0,29.356,0.2554,0,1,0,0,0,0,0,0.015326656,0
3857270,FIFA World Cup 2022,31,106.8,41.3,13.264,0.5836,0,0,0,1,0,0,1,0.49410823,0
3857270,FIFA World Cup 2022,34,99.4,24.7,25.66,0.2511,0,0,0,0,0,0,0,0.029249214,0
3857270,FIFA World Cup 2022,34,91.6,31.8,29.56,0.2589,0,0,0,0,0,0,0,0.022321237,0
3857270,FIFA World Cup 2022,35,108.4,29.5,15.646,0.3853,0,1,0,0,0,0,0,0.07433986,0
3857270,FIFA World Cup 2022,36,93.1,33.0,27.796,0.2771,0,0,0,0,0,0,1,0.028039778,0
3857270,FIFA World Cup 2022,51,107.9,27.1,17.687,0.3152,0,0,0,0,0,0,0,0.036293734,0
3857270,FIFA World Cup 2022,53,99.4,14.6,32.704,0.1552,0,0,0,0,0,0,0,0.0077694156,1
3857270,FIFA World Cup 2022,56,84.9,19.1,40.851,0.1683,0,0,1,0,0,0,0,0.007159395,0
3857270,FIFA World Cup 2022,57,102.9,39.7,17.103,0.4594,0,1,0,0,0,0,0,0.07401822,0
3857270,FIFA World Cup 2022,59,92.8,43.6,27.437,0.2872,0,0,0,0,0,0,0,0.03092143,0
3857270,FIFA World Cup 2022,64,108.1,33.8,13.418,0.5258,1,0,1,0,0,0,1,0.041303303,0
3857270,FIFA World Cup 2022,74,99.2,43.2,21.045,0.3717,0,1,0,0,0,0,1,0.047642853,0
3857270,FIFA World Cup 2022,77,115.6,34.0,7.44,0.7297,0,0,0,0,0,0,1,0.088375136,0
3857270,FIFA World Cup 2022,78,109.3,50.0,14.645,0.4072,0,1,0,0,0,0,0,0.2560759,0
3857270,FIFA World Cup 2022,82,95.3,49.1,26.323,0.284,0,0,0,0,0,0,0,0.026902085,0
3857270,FIFA World Cup 2022,85,88.2,44.5,32.117,0.2455,0,0,0,0,0,0,1,0.019629322,0
3857270,FIFA World Cup 2022,97,117.7,50.0,10.261,0.2032,0,1,0,0,0,0,1,0.032710962,0
3857270,FIFA World Cup 2022,98,100.6,35.0,20.034,0.3829,0,0,0,0,0,0,0,0.100704454,0
3857263,FIFA World Cup 2022,6,100.5,26.1,23.947,0.2729,0,0,0,0,0,0,0,0.032144632,0
3857263,FIFA World Cup 2022,21,96.6,23.3,28.748,0.227,0,0,0,0,0,0,0,0.021667236,0
3857263,FIFA World Cup 2022,24,102.8,56.6,23.904,0.2429,0,0,0,0,0,0,0,0.028963488,0
3857263,FIFA World Cup 2022,25,102.8,46.4,18.352,0.4052,0,0,0,0,0,0,0,0.068952255,0
3857263,FIFA World Cup 2022,29,89.6,25.9,33.511,0.2163,0,0,0,0,0,0,1,0.0065071667,0
3857263,FIFA World Cup 2022,35,109.8,54.6,17.81,0.2646,0,0,0,0,0,0,1,0.04777013,0
3857263,FIFA World Cup 2022,44,113.7,60.2,21.16,0.1162,0,0,0,0,0,0,1,0.008851705,0
3857263,FIFA World Cup 2022,55,105.8,40.6,14.213,0.5483,0,1,0,0,0,0,0,0.09558376,0
3857263,FIFA World Cup 2022,58,85.8,31.1,35.339,0.2184,0,0,0,0,0,0,1,0.0118638035,0
3857263,FIFA World Cup 2022,61,113.2,34.3,8.873,0.7144,0,1,0,0,0,0,0,0.31874228,1
3857263,FIFA World Cup 2022,63,96.2,39.7,23.802,0.333,0,0,0,0,0,0,0,0.036448006,0
3857263,FIFA World Cup 2022,64,101.7,45.4,19.08,0.3982,0,1,0,0,0,0,1,0.13836038,0
3857263,FIFA World Cup 2022,72,111.2,41.5,8.927,0.8354,0,1,0,0,0,0,0,0.3730103,0
3857263,FIFA World Cup 2022,72,110.1,50.1,14.143,0.4064,0,1,0,0,0,0,1,0.28996226,0
3857263,FIFA World Cup 2022,72,104.9,23.6,22.293,0.2461,0,0,0,0,0,0,1,0.024480116,0
3857263,FIFA World Cup 2022,73,111.3,42.8,9.139,0.8005,1,0,0,0,0,0,1,0.065169856,0
3857263,FIFA World Cup 2022,80,98.9,25.7,25.489,0.2603,0,0,0,0,1,0,1,0.053563386,0
3857263,FIFA World Cup 2022,82,110.8,51.9,15.042,0.3367,0,0,0,1,0,1,0,0.16441207,1
3857259,FIFA World Cup 2022,5,110.4,33.0,11.881,0.5504,1,0,0,0,0,0,0,0.06545554,0
3857259,FIFA World Cup 2022,10,114.4,54.2,15.264,0.2036,0,0,0,0,0,0,0,0.016927462,0
3857259,FIFA World Cup 2022,10,108.2,21.4,22.027,0.1985,0,0,0,0,0,0,0,0.012009094,0
3857259,FIFA World Cup 2022,15,95.9,33.9,24.86,0.3099,0,1,0,0,0,0,1,0.046143826,0
3857259,FIFA World Cup 2022,16,108.9,38.6,11.188,0.6829,0,1,1,0,0,0,1,0.063389905,0
3857259,FIFA World Cup 2022,18,108.1,60.1,23.359,0.1779,0,0,0,1,0,0,0,0.009715966,0
3857259,FIFA World Cup 2022,19,96.8,50.1,25.303,0.289,0,1,0,0,0,0,1,0.029523049,0
3857259,FIFA World Cup 2022,28,115.2,33.5,8.08,0.6618,1,0,0,0,0,0,1,0.09064111,0
3857259,FIFA World Cup 2022,28,118.5,43.2,3.534,1.8554,0,1,0,0,0,0,1,0.8945071,1
3857259,FIFA World Cup 2022,42,103.5,53.8,21.51,0.2873,0,0,0,0,0,0,0,0.0845098,0
3857259,FIFA World Cup 2022,42,110.5,55.1,17.84,0.2463,0,1,0,0,0,0,0,0.056867022,0
3857259,FIFA World Cup 2022,45,110.7,42.8,9.712,0.7597,1,0,0,0,0,0,1,0.07892812,1
3857259,FIFA World Cup 2022,47,99.6,46.7,21.472,0.3515,0,0,0,0,0,0,1,0.058657028,1
3857259,FIFA World Cup 2022,50,98.4,45.9,22.391,0.342,0,0,0,0,0,0,1,0.08318807,0
3857259,FIFA World Cup 2022,51,103.0,49.6,19.523,0.3565,0,1,0,0,0,0,1,0.039666813,0
3857259,FIFA World Cup 2022,52,113.6,40.2,6.403,1.1166,0,1,0,0,0,0,0,0.8974681,1
3857259,FIFA World Cup 2022,59,106.5,47.6,15.492,0.4492,0,0,0,0,0,1,0,0.05176351,0
3857259,FIFA World Cup 2022,61,106.4,24.5,20.621,0.2599,0,0,0,0,0,1,0,0.02132554,0
3857259,FIFA World Cup 2022,62,96.4,47.8,24.856,0.304,0,0,1,0,0,0,0,0.10917903,0
3857259,FIFA World Cup 2022,62,104.4,49.0,18.01,0.3846,0,0,0,0,0,0,0,0.28323865,1
3857259,FIFA World Cup 2022,65,111.0,37.0,9.487,0.7717,0,1,0,0,0,1,0,0.46942416,1
3857259,FIFA World Cup 2022,69,110.5,45.7,11.079,0.6187,1,0,1,0,0,0,1,0.0304652,0
3857259,FIFA World Cup 2022,75,110.1,55.7,18.561,0.2366,0,1,0,0,0,0,1,0.10947208,0
3857259,FIFA World Cup 2022,77,95.2,48.2,26.12,0.2894,0,0,0,0,0,0,0,0.032438725,0
3857259,FIFA World Cup 2022,86,94.0,24.8,30.117,0.2293,0,0,0,0,0,0,1,0.025639288,0
3857259,FIFA World Cup 2022,88,105.1,38.3,14.997,0.5185,0,1,0,0,0,0,0,0.1134657,0
3857259,FIFA World Cup 2022,94,103.3,13.7,31.154,0.1391,0,0,0,0,1,0,1,0.0070103277,0
3857259,FIFA World Cup 2022,94,92.3,33.6,28.43,0.2727,0,0,0,0,0,0,1,0.027356416,0
3857283,FIFA World Cup 2022,4,110.0,29.6,14.428,0.3945,0,1,0,0,0,0,0,0.13561569,0
3857283,FIFA World Cup 2022,15,95.2,30.1,26.703,0.2773,0,1,0,0,0,0,1,0.023734333,0
3857283,FIFA World Cup 2022,16,114.6,38.6,5.579,1.2341,1,0,0,0,0,0,1,0.22733837,0
3857283,FIFA World Cup 2022,18,101.1,27.4,22.715,0.2937,0,0,0,0,0,0,1,0.050302412,0
3857283,FIFA World Cup 2022,20,88.5,52.0,33.708,0.2213,0,0,1,0,0,0,1,0.010982664,0
3857283,FIFA World Cup 2022,27,106.0,49.7,17.032,0.3879,0,1,0,0,0,0,0,0.054105066,0
3857283,FIFA World Cup 2022,34,109.4,56.3,19.444,0.2301,0,0,1,0,0,0,0,0.054164495,0
3857283,FIFA World Cup 2022,34,94.1,42.1,25.985,0.3045,0,0,1,0,0,0,0,0.021631707,0
3857283,FIFA World Cup 2022,38,112.6,6.7,34.112,0.0515,0,0,0,0,1,0,1,0.007375095,0
3857283,FIFA World Cup 2022,49,95.2,48.1,26.089,0.2901,0,0,0,0,0,0,0,0.02991042,0
3857283,FIFA World Cup 2022,51,104.9,58.7,24.035,0.2118,0,0,0,0,0,0,0,0.009158539,0
3857283,FIFA World Cup 2022,51,111.4,40.8,8.637,0.8653,1,0,1,0,0,0,1,0.06452631,0
3857283,FIFA World Cup 2022,56,106.6,22.0,22.44,0.2164,0,0,0,0,0,0,1,0.01369968,0
3857283,FIFA World Cup 2022,60,87.4,35.3,32.937,0.2393,0,1,0,0,0,0,0,0.022188112,0
3857283,FIFA World Cup 2022,64,97.9,37.7,22.219,0.3545,0,0,0,0,0,0,0,0.065653466,0
3857283,FIFA World Cup 2022,68,87.6,38.2,32.45,0.2449,0,0,0,0,0,0,1,0.023304239,0
3857283,FIFA World Cup 2022,72,118.0,36.4,4.118,1.5109,0,0,0,1,0,0,1,0.56495196,1
3857283,FIFA World Cup 2022,81,109.1,37.6,11.161,0.6767,1,0,1,0,0,0,1,0.03727616,0
3857283,FIFA World Cup 2022,90,116.6,28.9,11.609,0.2251,0,0,0,0,0,0,0,0.036752854,0
3857283,FIFA World Cup 2022,91,110.3,46.8,11.846,0.558,0,1,0,0,0,0,0,0.18104906,1
3857286,FIFA World Cup 2022,28,96.5,46.4,24.356,0.3149,0,0,1,0,0,0,1,0.057691004,0
3857286,FIFA World Cup 2022,30,109.6,38.0,10.591,0.7133,1,0,0,0,0,0,0,0.08878088,1
3857286,FIFA World Cup 2022,32,88.4,22.4,36.171,0.1932,0,0,0,0,0,0,0,0.0062173195,0
3857286,FIFA World Cup 2022,49,113.0,43.7,7.918,0.8758,1,0,0,1,0,0,1,0.21267414,0
3857286,FIFA World Cup 2022,51,91.7,61.5,35.541,0.1796,0,0,0,0,0,0,0,0.0066099144,0
3857286,FIFA World Cup 2022,54,101.9,32.3,19.67,0.3722,0,0,0,0,0,0,0,0.07894745,0
3857286,FIFA World Cup 2022,61,106.5,47.5,15.443,0.4519,1,0,1,0,0,0,1,0.030855335,0
3857286,FIFA World Cup 2022,74,92.1,23.1,32.619,0.2098,0,0,0,0,0,0,1,0.009109482,0
3857286,FIFA World Cup 2022,85,100.2,55.2,24.962,0.2552,0,1,0,0,0,0,0,0.045332674,0
3857286,FIFA World Cup 2022,94,112.3,37.4,8.127,0.8885,1,0,0,0,0,0,1,0.13848205,0
3857300,FIFA World Cup 2022,1,104.5,44.5,16.14,0.4694,0,1,0,0,0,0,0,0.15308252,0
3857300,FIFA World Cup 2022,20,98.4,20.2,29.302,0.2023,0,0,0,0,0,0,1,0.011924569,0
3857300,FIFA World Cup 2022,41,113.2,33.8,9.202,0.6699,1,0,0,0,0,0,1,0.0877444,0
3857300,FIFA World Cup 2022,41,101.1,41.8,18.986,0.4136,0,1,0,0,0,0,1,0.050540753,0
3857300,FIFA World Cup 2022,47,108.0,29.6,15.88,0.3861,0,0,0,0,0,0,1,0.080592275,1
3857300,FIFA World Cup 2022,52,104.9,54.1,20.66,0.286,0,0,0,0,0,0,0,0.040064447,0
3857300,FIFA World Cup 2022,52,102.4,25.3,22.931,0.2694,0,0,0,0,0,0,0,0.03280492,1
3857300,FIFA World Cup 2022,62,111.1,39.9,8.901,0.8447,0,1,0,0,0,0,1,0.33156127,0
3857300,FIFA World Cup 2022,62,116.1,37.2,4.801,1.3486,0,0,0,1,0,0,1,0.63619345,0
3857300,FIFA World Cup 2022,68,116.5,31.1,9.563,0.3553,1,0,1,0,0,0,1,0.077176735,0
3857300,FIFA World Cup 2022,71,111.4,54.4,16.773,0.2537,0,0,0,1,0,0,1,0.0639515,0
3857300,FIFA World Cup 2022,73,86.7,57.3,37.526,0.1891,0,0,0,0,0,0,1,0.015201165,0
3857300,FIFA World Cup 2022,75,108.2,39.6,11.807,0.653,1,0,0,0,0,0,1,0.036932193,0
3857300,FIFA World Cup 2022,79,92.8,47.1,28.111,0.274,0,0,0,0,1,0,1,0.056788407,0
3857300,FIFA World Cup 2022,83,113.6,32.2,10.09,0.538,1,0,0,0,0,0,0,0.077553175,0
3857300,FIFA World Cup 2022,90,109.5,37.8,10.728,0.7032,1,0,1,0,0,0,1,0.048093256,0
3857300,FIFA World Cup 2022,100,112.5,33.2,10.124,0.6065,1,0,1,0,0,0,1,0.061390053,0
3857299,FIFA World Cup 2022,3,111.9,44.7,9.365,0.7349,0,1,1,0,0,0,0,0.09163986,0
3857299,FIFA World Cup 2022,7,96.7,49.1,25.014,0.2967,0,0,0,0,0,0,1,0.03008143,0
3857299,FIFA World Cup 2022,7,114.5,47.9,9.626,0.5211,1,0,0,0,0,0,1,0.059008703,0
3857299,FIFA World Cup 2022,7,95.7,54.9,28.504,0.2394,0,0,0,0,0,0,1,0.019586006,0
3857299,FIFA World Cup 2022,17,115.4,30.4,10.645,0.3615,1,0,0,0,0,0,1,0.055939306,0
3857299,FIFA World Cup 2022,23,115.5,37.9,4.966,1.3347,0,1,0,0,0,0,1,0.4040968,1
3857299,FIFA World Cup 2022,33,113.1,41.8,7.131,1.0077,1,0,0,0,0,0,0,0.20083603,1
3857299,FIFA World Cup 2022,44,100.6,20.0,27.863,0.2013,0,0,0,0,0,0,1,0.010946972,0
3857299,FIFA World Cup 2022,49,118.3,36.2,4.163,1.4733,1,0,1,0,0,0,1,0.21468838,0
3857299,FIFA World Cup 2022,49,104.8,52.1,19.428,0.3245,0,0,0,0,0,0,1,0.07450179,0
3857299,FIFA World Cup 2022,52,111.6,36.7,9.025,0.7986,1,0,0,0,0,0,1,0.07677545,0
3857299,FIFA World Cup 2022,57,112.6,38.4,7.571,0.9614,1,0,0,1,0,0,0,0.23484395,1
3857299,FIFA World Cup 2022,60,115.5,43.7,5.826,1.1085,1,0,1,0,0,0,1,0.16237147,1
3857299,FIFA World Cup 2022,67,109.2,32.5,13.149,0.5034,0,1,0,0,0,0,1,0.10557394,0
3857299,FIFA World Cup 2022,67,108.4,48.6,14.44,0.4492,0,1,0,0,0,0,1,0.15416233,1
3857299,FIFA World Cup 2022,74,90.9,45.4,29.597,0.2644,0,0,0,0,1,0,1,0.034794893,0
3857299,FIFA World Cup 2022,75,110.9,29.2,14.123,0.3778,0,0,0,0,0,0,1,0.065267496,0
3857299,FIFA World Cup 2022,75,114.2,56.1,17.113,0.1661,0,0,0,0,0,0,1,0.011154885,0
3857299,FIFA World Cup 2022,75,112.0,30.1,12.728,0.4131,0,1,0,0,0,0,1,0.19109753,0
3857299,FIFA World Cup 2022,82,96.1,40.1,23.9,0.3316,0,1,0,0,0,0,1,0.026676558,0
3857299,FIFA World Cup 2022,83,107.7,23.5,20.58,0.2369,0,0,0,0,0,0,0,0.03964235,0
3857299,FIFA World Cup 2022,85,112.0,33.2,10.5,0.5966,1,0,1,0,0,0,1,0.054534186,0
3857299,FIFA World Cup 2022,90,109.6,28.5,15.505,0.355,0,0,0,0,0,0,1,0.060233038,0
3857299,FIFA World Cup 2022,90,103.6,37.6,16.575,0.4693,0,0,0,0,0,0,1,0.064945966,0
3857299,FIFA World Cup 2022,90,113.0,49.3,11.64,0.4383,1,0,1,0,0,0,1,0.05996953,0
3857299,FIFA World Cup 2022,93,111.6,23.1,18.872,0.195,0,1,0,0,0,0,1,0.014336902,0
3857299,FIFA World Cup 2022,99,98.5,56.8,27.285,0.2319,0,0,0,0,0,0,1,0.025138553,0
3857299,FIFA World Cup 2022,100,83.8,54.1,38.849,0.1916,0,0,0,0,0,0,0,0.005484339,0
3857293,FIFA World Cup 2022,15,101.8,36.6,18.515,0.4191,0,0,1,0,0,0,1,0.07146578,0
3857293,FIFA World Cup 2022,22,106.8,29.0,17.183,0.3615,0,1,0,0,0,0,0,0.15781382,0
3857293,FIFA World Cup 2022,25,108.6,33.4,13.173,0.5248,0,0,0,0,0,0,0,0.2733873,0
3857293,FIFA World Cup 2022,25,118.0,42.7,3.36,1.8571,1,0,0,1,0,0,0,0.71106935,1
3857293,FIFA World Cup 2022,31,110.8,31.2,12.731,0.4667,0,1,1,0,0,0,1,0.16736692,1
3857293,FIFA World Cup 2022,36,94.7,45.8,25.956,0.2985,0,0,0,0,0,0,1,0.041819587,0
3857293,FIFA World Cup 2022,49,106.5,42.5,13.73,0.5594,1,0,1,0,0,0,1,0.03238874,0
3857293,FIFA World Cup 2022,45,104.7,50.8,18.728,0.3506,0,0,0,0,0,0,1,0.08441304,0
3857293,FIFA World Cup 2022,64,107.5,33.2,14.23,0.4922,0,0,0,0,0,0,1,0.099497445,0
3857293,FIFA World Cup 2022,69,92.5,22.5,32.596,0.2072,0,1,0,0,0,0,1,0.0066686436,0
3857293,FIFA World Cup 2022,69,93.0,21.1,32.958,0.1992,0,0,0,0,0,0,1,0.008103582,0
3857293,FIFA World Cup 2022,70,95.7,47.2,25.344,0.301,0,0,0,0,0,0,0,0.04665373,0
3857293,FIFA World Cup 2022,76,59.0,4.0,70.831,0.0973,0,0,0,0,0,0,0,0.003913026,0
3857293,FIFA World Cup 2022,78,109.6,28.0,15.88,0.3387,0,0,0,1,0,0,0,0.12024433,0
3857293,FIFA World Cup 2022,80,96.8,42.8,23.368,0.3368,0,0,0,0,0,0,0,0.05586675,0
3857293,FIFA World Cup 2022,94,108.0,43.6,12.528,0.5979,0,0,0,0,0,0,0,0.10750313,0
3857293,FIFA World Cup 2022,94,93.0,49.4,28.59,0.2633,0,0,0,0,0,0,0,0.030132728,0
3857293,FIFA World Cup 2022,95,99.5,50.6,23.078,0.3074,0,0,0,0,0,0,1,0.081227794,0
3857293,FIFA World Cup 2022,96,108.8,43.0,11.595,0.6476,0,1,0,0,0,0,0,0.103292696,0
3857293,FIFA World Cup 2022,99,91.4,33.9,29.243,0.2662,0,0,0,0,1,0,1,0.0429242,0
3857291,FIFA World Cup 2022,4,112.4,45.9,9.621,0.6711,0,1,0,0,0,0,0,0.20824905,0
3857291,FIFA World Cup 2022,8,102.5,40.7,17.514,0.4488,0,1,0,0,0,0,1,0.1501565,0
3857291,FIFA World Cup 2022,10,112.3,39.3,7.732,0.9529,0,0,0,1,0,0,1,0.48925844,1
3857291,FIFA World Cup 2022,20,105.8,33.4,15.659,0.4602,0,1,0,0,0,0,0,0.09218961,1
3857291,FIFA World Cup 2022,42,91.7,29.8,30.082,0.2494,0,0,0,0,0,0,1,0.015886325,0
3857291,FIFA World Cup 2022,49,110.5,30.5,13.435,0.4328,0,0,0,0,0,0,0,0.04809784,0
3857291,FIFA World Cup 2022,47,100.5,45.7,20.316,0.3746,0,0,0,0,0,0,1,0.08547543,0
3857291,FIFA World Cup 2022,53,114.7,49.4,10.791,0.3994,0,0,0,0,0,0,1,0.10498973,1
3857291,FIFA World Cup 2022,61,92.0,25.7,31.44,0.2264,0,0,0,0,0,0,1,0.017297672,0
3857291,FIFA World Cup 2022,62,112.0,54.0,16.125,0.2565,0,0,0,1,0,0,1,0.06487478,0
3857291,FIFA World Cup 2022,69,110.3,29.3,14.442,0.383,1,0,0,0,0,0,1,0.033574425,0
3857291,FIFA World Cup 2022,73,103.0,45.8,17.962,0.4174,0,1,0,0,0,0,1,0.056229107,1
3857291,FIFA World Cup 2022,89,109.7,40.1,10.3,0.7408,0,1,0,0,0,0,0,0.33333436,1
3857291,FIFA World Cup 2022,91,104.0,36.4,16.4,0.4684,0,1,0,0,0,0,0,0.16366571,1
3857291,FIFA World Cup 2022,95,102.5,42.5,17.678,0.4411,0,1,0,0,0,0,0,0.10654532,0
3857291,FIFA World Cup 2022,97,103.5,16.7,28.551,0.1637,0,0,0,0,1,0,1,0.008599174,0
3857281,FIFA World Cup 2022,1,109.6,36.4,11.005,0.6695,1,0,1,1,0,0,0,0.08130363,1
3857281,FIFA World Cup 2022,21,109.5,36.8,10.977,0.6771,0,1,0,0,0,0,0,0.4341785,0
3857281,FIFA World Cup 2022,34,109.9,50.0,14.213,0.4098,0,0,0,1,0,0,1,0.24546398,0
3857281,FIFA World Cup 2022,35,114.1,29.4,12.131,0.3454,0,1,0,0,0,0,1,0.14639324,1
3857281,FIFA World Cup 2022,43,101.0,39.1,19.021,0.4141,0,0,0,0,0,0,1,0.13916126,1
3857281,FIFA World Cup 2022,46,98.7,33.1,22.39,0.3377,0,0,0,0,0,0,0,0.059277993,0
3857281,FIFA World Cup 2022,48,98.3,50.1,23.935,0.3022,0,0,0,0,0,0,0,0.03829635,0
3857281,FIFA World Cup 2022,53,108.2,42.1,11.985,0.6368,0,1,0,0,0,0,0,0.24875651,0
3857281,FIFA World Cup 2022,55,96.4,39.9,23.6,0.3358,0,1,0,0,0,0,1,0.052886155,0
3857281,FIFA World Cup 2022,57,99.8,52.9,23.968,0.2817,0,0,0,0,0,0,0,0.023891453,0
3857281,FIFA World Cup 2022,62,101.1,59.8,27.372,0.2034,0,0,0,0,1,0,1,0.011981465,0
3857281,FIFA World Cup 2022,69,106.8,47.1,14.988,0.4685,0,0,1,0,0,0,0,0.10933437,1
3857281,FIFA World Cup 2022,71,115.1,46.8,8.382,0.6257,0,1,0,0,0,0,0,0.1355834,0
3857281,FIFA World Cup 2022,76,92.2,33.0,28.668,0.2693,0,0,0,0,0,0,1,0.019849088,0
3857281,FIFA World Cup 2022,77,115.3,26.9,13.918,0.2085,0,0,0,1,0,0,0,0.031612467,0
3857281,FIFA World Cup 2022,77,110.3,42.6,10.042,0.7408,0,1,0,0,0,0,0,0.30414897,0
3857281,FIFA World Cup 2022,81,96.0,26.3,27.635,0.2514,0,0,0,0,0,0,1,0.02367336,0
3857281,FIFA World Cup 2022,89,98.2,35.1,22.344,0.3463,0,1,0,0,0,0,1,0.045590583,0
3857281,FIFA World Cup 2022,92,98.1,33.5,22.844,0.3334,0,1,0,0,0,0,1,0.03737635,0
3857281,FIFA World Cup 2022,92,99.5,26.7,24.436,0.2751,0,0,0,0,0,0,1,0.02121069,0
3857281,FIFA World Cup 2022,93,109.2,45.4,12.075,0.5873,0,1,0,0,0,0,0,0.68703645,1
3857280,FIFA World Cup 2022,1,108.7,38.6,11.386,0.6719,0,1,0,0,0,0,1,0.29454654,0
3857280,FIFA World Cup 2022,1,103.3,25.5,22.117,0.2752,0,0,0,0,0,0,1,0.038875267,0
3857280,FIFA World Cup 2022,13,111.8,34.5,9.874,0.6778,1,0,0,1,0,0,1,0.12449543,0
3857280,FIFA World Cup 2022,14,113.4,48.9,11.08,0.4593,1,0,0,0,0,0,1,0.044797283,0
3857280,FIFA World Cup 2022,21,107.6,39.2,12.426,0.6219,0,1,0,0,0,0,1,0.083684884,0
3857280,FIFA World Cup 2022,29,94.0,42.7,26.14,0.3022,0,0,0,0,1,0,1,0.0651609,0
3857280,FIFA World Cup 2022,33,96.7,29.3,25.639,0.2828,0,0,0,0,1,0,1,0.06485747,0
3857280,FIFA World Cup 2022,37,105.6,52.3,18.938,0.3243,0,0,0,0,0,0,0,0.033440635,0
3857280,FIFA World Cup 2022,45,101.3,45.2,19.41,0.3931,0,0,0,0,0,0,1,0.047920834,0
3857280,FIFA World Cup 2022,46,107.8,50.0,15.775,0.3969,0,1,1,0,0,0,1,0.06651591,0
3857280,FIFA World Cup 2022,47,113.5,47.4,9.849,0.5707,1,0,0,0,0,0,0,0.11827337,0
3857280,FIFA World Cup 2022,50,109.5,54.0,17.5,0.2817,0,1,0,0,0,0,1,0.07058843,0
3857280,FIFA World Cup 2022,52,111.9,36.3,8.905,0.7971,0,1,0,0,0,0,0,0.27918908,0
3857280,FIFA World Cup 2022,53,91.8,17.8,35.89,0.1755,0,0,0,0,0,0,0,0.006493906,0
3857280,FIFA World Cup 2022,55,108.9,25.7,18.102,0.2775,0,0,0,0,0,0,0,0.038835723,0
3857280,FIFA World Cup 2022,56,105.3,39.2,14.722,0.53,0,0,0,0,0,0,1,0.075584605,0
3857280,FIFA World Cup 2022,57,101.0,51.2,22.055,0.3125,0,0,0,0,0,0,1,0.037848417,0
3857280,FIFA World Cup 2022,72,99.9,37.6,20.243,0.3877,0,0,1,0,0,0,0,0.086029716,0
3857280,FIFA World Cup 2022,77,92.8,35.5,27.57,0.2845,0,0,0,0,0,0,0,0.03332142,0
3857280,FIFA World Cup 2022,79,104.1,25.5,21.519,0.2772,0,0,0,0,0,0,1,0.042308386,0
3857280,FIFA World Cup 2022,80,106.3,39.9,13.7,0.5681,0,1,0,0,0,0,1,0.05692788,0
3857280,FIFA World Cup 2022,83,114.9,44.0,6.482,1.0033,0,1,1,0,0,0,0,0.14917652,0
3857280,FIFA World Cup 2022,88,104.2,47.1,17.322,0.4187,0,0,1,0,0,0,1,0.18481041,0
3857280,FIFA World Cup 2022,91,106.7,40.7,13.318,0.5829,1,0,0,0,0,0,0,0.05544736,1
3857280,FIFA World Cup 2022,95,108.8,37.5,11.476,0.659,1,0,0,0,0,0,1,0.07645427,0
3857280,FIFA World Cup 2022,96,112.9,39.8,7.103,1.0256,1,0,0,0,0,0,0,0.17098139,0
3857280,FIFA World Cup 2022,97,115.1,36.0,6.325,1.0212,1,0,0,0,0,0,0,0.1945778,0
3857280,FIFA World Cup 2022,98,114.1,35.3,7.543,0.8568,0,1,0,0,0,0,1,0.22043578,0
3857279,FIFA World Cup 2022,1,95.0,47.8,26.189,0.2902,0,1,0,0,0,0,1,0.018982504,0
3857279,FIFA World Cup 2022,2,89.5,39.1,30.513,0.2606,0,0,0,0,0,0,1,0.030384658,0
3857279,FIFA World Cup 2022,8,114.2,31.3,10.456,0.4614,0,1,0,0,0,0,1,0.19147108,1
3857279,FIFA World Cup 2022,12,92.7,34.0,27.952,0.278,0,1,0,0,0,0,1,0.017692888,0
3857279,FIFA World Cup 2022,21,91.1,46.9,29.712,0.2607,0,0,0,0,0,0,1,0.017896876,0
3857279,FIFA World Cup 2022,25,112.1,52.7,14.957,0.2954,0,0,0,0,0,0,1,0.034694295,0
3857279,FIFA World Cup 2022,26,111.6,42.0,8.635,0.854,1,0,0,0,0,0,1,0.16905431,1
3857279,FIFA World Cup 2022,28,112.3,39.8,7.703,0.9578,1,0,1,1,0,0,1,0.17925091,0
3857279,FIFA World Cup 2022,31,110.5,39.2,9.534,0.7928,0,1,0,0,0,0,0,0.77927965,1
3857279,FIFA World Cup 2022,36,105.0,47.2,16.639,0.4312,0,1,0,0,0,0,0,0.08709453,0
3857279,FIFA World Cup 2022,36,104.5,38.9,15.539,0.5028,0,1,0,0,0,0,0,0.14067347,0
3857279,FIFA World Cup 2022,39,106.5,38.2,13.619,0.5673,0,1,0,0,0,0,1,0.08098688,0
3857279,FIFA World Cup 2022,41,99.5,47.5,21.829,0.3421,0,1,0,0,0,0,0,0.04884043,0
3857279,FIFA World Cup 2022,44,112.9,40.2,7.103,1.0256,0,1,0,0,0,0,0,0.5517509,0
3857279,FIFA World Cup 2022,46,110.1,43.4,10.468,0.7024,1,0,0,0,0,0,1,0.083539926,0
3857279,FIFA World Cup 2022,49,96.3,40.8,23.713,0.334,0,1,0,0,0,0,1,0.035826564,0
3857279,FIFA World Cup 2022,49,111.6,44.2,9.391,0.7495,0,1,0,0,0,0,1,0.07860331,0
3857279,FIFA World Cup 2022,60,107.5,31.1,15.345,0.4276,0,1,0,0,0,0,1,0.12751806,0
3857279,FIFA World Cup 2022,62,109.2,30.1,14.651,0.4103,0,0,0,0,0,0,1,0.07606661,0
3857279,FIFA World Cup 2022,62,113.0,40.0,7.0,1.0383,1,0,1,0,0,0,1,0.096129,0
3857279,FIFA World Cup 2022,63,108.0,25.2,19.054,0.2699,0,0,0,0,0,0,1,0.027555656,0
3857279,FIFA World Cup 2022,66,105.3,36.2,15.183,0.5014,0,1,0,0,0,0,0,0.17584424,0
3857279,FIFA World Cup 2022,66,115.7,24.7,15.893,0.1444,0,1,0,0,0,0,0,0.013371275,0
3857279,FIFA World Cup 2022,67,113.5,42.2,6.862,1.0319,1,0,1,0,0,0,0,0.14142905,1
3857279,FIFA World Cup 2022,70,113.5,42.6,7.001,1.0052,1,0,0,0,0,0,1,0.16888039,1
3857279,FIFA World Cup 2022,89,112.1,41.4,8.023,0.9175,1,0,0,0,0,0,1,0.07988335,0
3857279,FIFA World Cup 2022,90,112.8,32.1,10.689,0.5303,1,0,1,0,0,0,1,0.041087516,0
3857262,FIFA World Cup 2022,4,113.6,47.0,9.485,0.6055,0,1,0,0,0,0,0,0.29158956,1
3857262,FIFA World Cup 2022,14,117.5,20.6,19.56,0.0545,0,0,0,0,0,0,1,0.010523141,0
3857262,FIFA World Cup 2022,15,108.5,21.6,21.698,0.1996,0,0,0,0,0,0,1,0.011031977,0
3857262,FIFA World Cup 2022,16,111.1,32.0,11.967,0.5103,1,0,0,0,0,0,1,0.040536147,0
3857262,FIFA World Cup 2022,26,116.7,38.0,3.859,1.6128,0,1,0,0,0,0,1,0.6242964,1
3857262,FIFA World Cup 2022,30,98.2,31.4,23.435,0.3161,0,1,0,0,0,0,1,0.020656463,0
3857262,FIFA World Cup 2022,33,92.8,40.0,27.2,0.292,0,0,0,0,0,0,0,0.036435805,0
3857262,FIFA World Cup 2022,34,91.6,45.7,28.966,0.2693,0,1,0,0,0,0,1,0.017112639,0
3857262,FIFA World Cup 2022,36,110.6,56.3,18.816,0.2189,0,1,0,0,0,0,1,0.022429451,0
3857262,FIFA World Cup 2022,39,94.6,44.2,25.745,0.3044,0,0,0,0,0,0,1,0.024709688,0
3857262,FIFA World Cup 2022,40,92.6,58.9,33.286,0.1981,0,0,0,0,0,0,0,0.007849269,0
3857262,FIFA World Cup 2022,41,97.8,46.9,23.248,0.3265,0,0,0,0,0,0,1,0.03675865,0
3857262,FIFA World Cup 2022,41,112.7,35.0,8.848,0.7532,1,0,0,1,0,0,1,0.28873095,0
3857262,FIFA World Cup 2022,43,104.3,43.4,16.064,0.4787,0,0,0,0,0,0,0,0.11468789,0
3857262,FIFA World Cup 2022,46,101.8,45.2,18.928,0.4022,0,0,0,0,0,0,0,0.052517958,0
3857262,FIFA World Cup 2022,55,104.5,54.7,21.362,0.2745,0,1,0,0,0,0,0,0.023785131,0
3857262,FIFA World Cup 2022,56,97.9,50.9,24.642,0.2906,0,1,0,0,0,0,1,0.021393217,0
3857262,FIFA World Cup 2022,65,98.1,47.1,23.022,0.3285,0,0,0,0,0,0,0,0.039930075,0
3857262,FIFA World Cup 2022,66,98.4,35.1,22.149,0.3492,0,0,0,0,0,0,0,0.100738145,0
3857262,FIFA World Cup 2022,69,111.1,52.8,15.59,0.3039,0,1,0,0,0,0,1,0.04621987,0
3857262,FIFA World Cup 2022,71,94.1,55.0,29.93,0.2313,0,0,0,0,0,1,0,0.029762346,0
3857262,FIFA World Cup 2022,73,88.0,49.4,33.352,0.2294,0,0,0,0,1,0,1,0.023724081,0
3857262,FIFA World Cup 2022,80,88.8,40.2,31.201,0.255,0,0,0,0,0,0,1,0.021024177,0
3857262,FIFA World Cup 2022,89,112.1,25.0,16.953,0.2288,0,0,0,0,0,0,1,0.04430043,0
3857262,FIFA World Cup 2022,90,108.3,44.6,12.572,0.5826,0,1,0,0,0,1,0,0.42196128,1
3930166,UEFA Euro 2024,3,103.0,33.9,18.061,0.4132,0,0,0,0,0,0,0,0.06054878,0
3930166,UEFA Euro 2024,7,108.6,40.1,11.4,0.6749,1,0,0,0,0,0,0,0.054354656,0
3930166,UEFA Euro 2024,16,89.6,25.3,33.768,0.213,0,0,0,0,0,0,0,0.007152914,0
3930166,UEFA Euro 2024,21,99.7,52.2,23.684,0.2896,0,0,0,0,0,0,1,0.03168744,0
3930166,UEFA Euro 2024,22,104.7,25.1,21.356,0.2713,0,0,1,0,0,0,1,0.028342715,0
3930166,UEFA Euro 2024,23,92.6,20.6,33.573,0.1948,0,0,0,0,0,0,1,0.0055739963,0
3930166,UEFA Euro 2024,31,109.8,36.7,10.721,0.6897,0,1,0,0,0,0,0,0.4916691,0
3930166,UEFA Euro 2024,31,96.7,32.6,24.447,0.3101,0,0,0,0,0,0,0,0.037158106,0
3930166,UEFA Euro 2024,32,106.6,35.4,14.168,0.5258,0,0,1,0,0,0,0,0.15270437,0
3930166,UEFA Euro 2024,45,107.9,51.7,16.832,0.3474,0,0,1,0,0,0,1,0.07862081,0
3930166,UEFA Euro 2024,45,99.2,55.7,26.06,0.2459,0,0,0,0,0,0,1,0.02290134,0
3930166,UEFA Euro 2024,51,101.9,56.1,24.224,0.2484,0,0,1,0,0,0,1,0.032631624,0
3930166,UEFA Euro 2024,54,111.8,40.5,8.215,0.9053,1,0,1,0,0,0,1,0.09138278,0
3930166,UEFA Euro 2024,57,92.3,38.0,27.772,0.2854,0,0,0,0,1,0,1,0.05240551,0
3930166,UEFA Euro 2024,59,107.9,20.4,23.034,0.1859,0,0,0,0,0,0,1,0.008591539,0
3930166,UEFA Euro 2024,61,107.6,41.8,12.53,0.6131,1,0,1,0,0,0,0,0.040316492,0
3930166,UEFA Euro 2024,61,98.3,48.1,23.162,0.3219,0,1,0,0,0,0,0,0.035857204,1
3930166,UEFA Euro 2024,68,115.0,30.7,10.559,0.3967,1,0,1,0,0,0,1,0.045160558,0
3930166,UEFA Euro 2024,71,108.9,25.4,18.34,0.2704,0,0,0,0,0,0,1,0.067471,0
3930166,UEFA Euro 2024,77,91.3,35.1,29.115,0.2694,0,0,1,0,0,0,1,0.03203486,0
3930166,UEFA Euro 2024,80,107.1,16.8,26.545,0.1488,0,0,0,0,0,0,1,0.0076566194,0
3930166,UEFA Euro 2024,80,106.1,44.5,14.61,0.5129,0,0,0,0,0,0,1,0.11256568,0
3930166,UEFA Euro 2024,80,100.6,44.7,19.961,0.3855,0,0,0,0,0,0,1,0.06547854,0
3930166,UEFA Euro 2024,91,115.7,36.1,5.805,1.0956,0,1,0,0,0,0,0,0.59001094,1
3930159,UEFA Euro 2024,1,110.6,27.7,15.481,0.3244,0,1,0,0,0,0,1,0.09601528,0
3930159,UEFA Euro 2024,9,98.1,48.0,23.315,0.3206,0,0,0,0,0,0,0,0.044836354,0
3930159,UEFA Euro 2024,11,108.4,41.6,11.71,0.6538,0,1,0,0,0,0,0,0.38862705,1
3930159,UEFA Euro 2024,19,107.1,47.2,14.773,0.4718,0,0,0,1,0,0,0,0.4467253,0
3930159,UEFA Euro 2024,21,93.4,51.8,29.1,0.2507,0,0,0,0,0,0,1,0.017150318,0
3930159,UEFA Euro 2024,28,103.4,50.1,19.431,0.352,0,0,0,0,0,0,0,0.053312253,0
3930159,UEFA Euro 2024,39,111.3,39.9,8.701,0.8618,1,0,0,0,0,0,1,0.14360759,0
3930159,UEFA Euro 2024,44,96.0,34.5,24.622,0.3145,0,0,0,0,0,0,0,0.03557817,1
3930159,UEFA Euro 2024,46,110.1,51.0,14.799,0.372,0,1,0,0,0,0,1,0.06089901,0
3930159,UEFA Euro 2024,47,105.0,29.0,18.601,0.3488,0,1,0,0,0,0,1,0.10888988,0
3930159,UEFA Euro 2024,53,108.6,30.2,15.033,0.4097,0,0,1,0,0,0,1,0.12474265,0
3930159,UEFA Euro 2024,57,96.4,50.9,25.996,0.2787,0,0,0,0,0,0,1,0.03159932,0
3930159,UEFA Euro 2024,62,111.8,42.5,8.573,0.8512,1,0,0,1,0,0,1,0.15456991,0
3930159,UEFA Euro 2024,65,115.5,42.1,4.966,1.3347,1,0,0,1,0,0,1,0.57968694,1
3930159,UEFA Euro 2024,68,104.9,35.6,15.728,0.4812,0,0,1,0,0,0,1,0.08412952,0
3930159,UEFA Euro 2024,70,108.7,25.6,18.304,0.2761,0,0,0,0,0,0,1,0.052711353,0
3930159,UEFA Euro 2024,71,113.3,42.4,7.117,0.9969,1,0,1,0,0,0,1,0.11983715,0
3930159,UEFA Euro 2024,82,105.0,49.0,17.493,0.3923,0,0,1,0,0,0,0,0.14827995,0
3930159,UEFA Euro 2024,88,91.4,28.3,30.901,0.239,0,0,0,0,0,0,1,0.020479834,0
3930159,UEFA Euro 2024,89,116.5,49.9,10.5,0.2887,1,0,0,0,0,0,1,0.044237033,0
3930159,UEFA Euro 2024,92,104.3,41.5,15.771,0.4949,0,0,0,1,0,1,0,0.4426999,1
3930163,UEFA Euro 2024,12,113.4,39.5,6.619,1.086,1,0,1,0,0,0,1,0.28910747,1
3930163,UEFA Euro 2024,18,95.8,51.0,26.583,0.2733,0,0,0,0,0,0,0,0.025817266,0
3930163,UEFA Euro 2024,19,103.0,47.3,18.501,0.3949,0,0,0,0,0,0,0,0.09554446,0
3930163,UEFA Euro 2024,22,98.9,46.6,22.108,0.3429,0,0,0,0,0,0,0,0.037229445,0
3930163,UEFA Euro 2024,29,92.2,46.3,28.505,0.2723,0,0,0,0,1,0,1,0.05354343,0
3930163,UEFA Euro 2024,55,90.8,50.6,31.064,0.2414,0,0,0,0,0,0,1,0.023010701,0
3930163,UEFA Euro 2024,76,114.8,36.2,6.44,1.0212,1,0,1,0,0,0,1,0.16733526,0
3930163,UEFA Euro 2024,81,96.9,32.1,24.414,0.3084,0,0,0,0,0,0,1,0.045151852,0
3930163,UEFA Euro 2024,82,98.1,35.4,22.378,0.3468,0,1,0,0,0,0,1,0.033204958,0
3930163,UEFA Euro 2024,88,89.8,27.7,32.609,0.2267,0,0,0,0,0,0,1,0.01536182,0
3930163,UEFA Euro 2024,92,90.5,30.5,30.992,0.2449,0,0,0,0,0,0,1,0.02291271,0
3930181,UEFA Euro 2024,4,108.3,38.4,11.809,0.6487,1,0,0,0,0,0,1,0.06892924,0
3930181,UEFA Euro 2024,18,95.3,42.9,24.87,0.3169,0,0,0,0,0,0,0,0.04272891,0
3930181,UEFA Euro 2024,29,102.6,38.8,17.441,0.45,0,0,0,0,0,0,0,0.042826455,0
3930181,UEFA Euro 2024,30,107.8,35.8,12.903,0.5754,1,0,1,0,0,0,1,0.027990201,0
3930181,UEFA Euro 2024,30,98.9,22.2,27.605,0.2225,0,0,0,0,0,0,1,0.020003181,0
3930181,UEFA Euro 2024,31,92.8,35.5,27.57,0.2845,0,0,0,0,0,0,0,0.025362415,0
3930181,UEFA Euro 2024,34,89.4,52.7,33.131,0.2226,0,0,0,0,1,0,1,0.02118464,0
3930181,UEFA Euro 2024,39,115.7,43.3,5.42,1.1998,0,1,0,0,0,0,0,0.39533535,0
3930181,UEFA Euro 2024,42,89.8,50.8,32.073,0.2342,0,0,0,0,0,0,1,0.022610057,0
3930181,UEFA Euro 2024,50,88.6,43.7,31.617,0.25,0,1,0,0,0,0,1,0.011521615,0
3930181,UEFA Euro 2024,57,112.0,40.9,8.05,0.9192,1,0,1,0,0,0,1,0.07156796,0
3930181,UEFA Euro 2024,62,92.3,51.6,30.031,0.2451,0,0,0,0,0,0,1,0.027896708,0
3930181,UEFA Euro 2024,74,106.7,23.3,21.349,0.2374,0,1,0,0,0,0,1,0.035136804,0
3930181,UEFA Euro 2024,82,97.7,32.1,23.658,0.3171,0,0,0,0,0,0,0,0.038287748,0
3930181,UEFA Euro 2024,91,103.2,55.2,22.656,0.264,0,1,0,0,0,0,1,0.0473352,0
3930181,UEFA Euro 2024,93,90.1,44.8,30.283,0.2595,0,0,0,0,0,0,1,0.02242279,0
3930178,UEFA Euro 2024,4,91.7,51.0,30.363,0.2449,0,0,0,0,0,0,0,0.021476122,0
3930178,UEFA Euro 2024,10,103.9,30.6,18.643,0.3705,1,0,0,0,0,0,0,0.040648647,0
3930178,UEFA Euro 2024,20,113.2,41.4,6.943,1.0363,1,0,1,0,0,0,1,0.11477187,0
3930178,UEFA Euro 2024,21,106.2,36.1,14.341,0.5272,0,0,0,0,0,0,1,0.050440855,0
3930178,UEFA Euro 2024,25,111.3,25.7,16.739,0.2576,0,1,0,0,0,0,0,0.02528777,0
3930178,UEFA Euro 2024,26,113.0,33.8,9.351,0.6648,1,0,0,1,0,0,1,0.14318198,0
3930178,UEFA Euro 2024,30,99.8,54.3,24.749,0.2646,0,0,0,0,0,0,1,0.020104777,0
3930178,UEFA Euro 2024,35,103.4,27.1,21.023,0.3022,0,0,0,0,0,0,1,0.027555797,0
3930178,UEFA Euro 2024,51,107.2,26.5,18.603,0.3008,0,0,0,0,0,0,1,0.024291756,0
3930178,UEFA Euro 2024,54,111.3,40.9,8.746,0.8552,0,1,1,0,0,0,0,0.14855804,0
3930178,UEFA Euro 2024,54,114.9,35.5,6.801,0.9326,0,1,0,0,0,0,0,0.48530436,1
3930178,UEFA Euro 2024,56,107.5,29.9,16.07,0.3915,0,1,0,0,0,0,0,0.05347716,0
3930178,UEFA Euro 2024,60,114.2,42.9,6.485,1.0592,1,0,0,0,0,0,1,0.16923,0
3930178,UEFA Euro 2024,66,112.1,28.1,14.284,0.3243,0,0,0,0,0,0,0,0.055198677,0
3930178,UEFA Euro 2024,71,94.2,44.2,26.14,0.3,0,0,0,0,1,0,1,0.06597319,0
3930178,UEFA Euro 2024,72,114.6,34.8,7.497,0.8214,1,0,1,0,0,0,1,0.11527714,0
3930178,UEFA Euro 2024,91,87.8,29.5,33.869,0.2239,0,0,0,0,0,0,0,0.013674787,0
3930178,UEFA Euro 2024,97,103.4,28.0,20.483,0.3179,0,1,0,0,0,0,1,0.11067648,1
3930160,UEFA Euro 2024,6,98.8,47.5,22.488,0.3334,0,0,0,0,0,0,0,0.05367552,0
3930160,UEFA Euro 2024,14,106.5,49.9,16.741,0.388,0,0,1,0,0,0,0,0.04807823,0
3930160,UEFA Euro 2024,21,107.7,39.3,12.32,0.6271,1,0,1,0,0,0,0,0.048898492,0
3930160,UEFA Euro 2024,28,104.1,39.9,15.9,0.4929,0,0,1,1,0,0,0,0.4253404,1
3930160,UEFA Euro 2024,29,102.8,38.7,17.249,0.4546,0,0,1,0,0,0,0,0.06378076,0
3930160,UEFA Euro 2024,31,103.9,38.7,16.152,0.4842,0,0,0,0,0,0,1,0.056130085,1
3930160,UEFA Euro 2024,32,101.8,40.2,18.201,0.4326,0,1,0,0,0,0,0,0.07775181,0
3930160,UEFA Euro 2024,32,116.5,50.1,10.689,0.2776,0,1,0,0,0,0,0,0.10645112,0
3930160,UEFA Euro 2024,35,114.2,35.6,7.28,0.8976,1,0,1,0,0,0,1,0.108392105,0
3930160,UEFA Euro 2024,40,114.0,27.5,13.865,0.2659,0,1,0,0,0,0,1,0.05044837,0
3930160,UEFA Euro 2024,44,86.3,47.4,34.503,0.2256,0,0,1,0,0,0,0,0.013197766,0
3930160,UEFA Euro 2024,45,91.0,30.4,30.548,0.2478,0,0,1,0,0,0,0,0.019094488,0
3930160,UEFA Euro 2024,46,112.7,42.4,7.684,0.9356,0,1,0,0,0,0,1,0.30100337,1
3930160,UEFA Euro 2024,50,101.2,24.0,24.687,0.2482,0,1,0,0,0,0,0,0.018449154,0
3930160,UEFA Euro 2024,51,108.6,48.3,14.101,0.4627,0,1,0,0,0,0,0,0.28168085,0
3930160,UEFA Euro 2024,53,117.4,34.5,6.084,0.7804,0,0,0,0,0,0,1,0.2103611,0
3930160,UEFA Euro 2024,54,111.9,47.8,11.245,0.5306,0,1,0,0,0,0,1,0.22294979,0
3930160,UEFA Euro 2024,54,117.0,37.0,4.243,1.4877,1,0,1,0,0,0,1,0.20600665,0
3930160,UEFA Euro 2024,54,118.4,40.0,1.6,2.3806,1,0,0,0,0,0,1,0.71037304,0
3930160,UEFA Euro 2024,54,115.1,34.4,7.441,0.7832,1,0,0,0,0,0,1,0.099854395,0
3930160,UEFA Euro 2024,57,91.3,45.4,29.204,0.2678,0,0,0,0,1,0,1,0.042338703,0
3930160,UEFA Euro 2024,73,93.9,39.0,26.119,0.3037,0,0,0,0,0,0,0,0.027441183,0
3930160,UEFA Euro 2024,83,101.4,28.7,21.764,0.3144,0,0,0,0,0,0,1,0.035310246,0
3930160,UEFA Euro 2024,83,87.3,24.7,36.102,0.2005,0,0,0,0,0,0,1,0.006942888,0
3930160,UEFA Euro 2024,87,109.6,57.8,20.616,0.2007,0,0,1,0,0,0,0,0.012741043,0
3930160,UEFA Euro 2024,91,107.8,27.5,17.467,0.3256,1,0,1,0,0,0,1,0.019089911,0
3930170,UEFA Euro 2024,3,95.6,49.4,26.148,0.2844,0,0,0,0,0,0,1,0.041358393,0
3930170,UEFA Euro 2024,7,109.1,51.7,15.991,0.3489,0,0,1,0,0,0,0,0.14476232,0
3930170,UEFA Euro 2024,19,108.8,42.9,11.569,0.6501,0,1,1,0,0,0,0,0.07042414,0
3930170,UEFA Euro 2024,20,90.1,41.2,29.924,0.2656,0,0,0,0,0,0,0,0.023047987,0
3930170,UEFA Euro 2024,26,111.0,34.9,10.345,0.6693,1,0,1,0,0,0,1,0.0682874,0
3930170,UEFA Euro 2024,36,102.6,25.2,22.843,0.2686,0,0,0,0,0,0,1,0.020043343,0
3930170,UEFA Euro 2024,37,105.7,50.3,17.623,0.3704,0,0,0,0,0,0,1,0.16156586,0
3930170,UEFA Euro 2024,37,110.6,38.9,9.464,0.7964,0,1,0,0,0,0,1,0.45923445,0
3930170,UEFA Euro 2024,37,109.6,35.3,11.413,0.6294,0,0,0,0,0,0,1,0.23846735,0
3930170,UEFA Euro 2024,38,92.3,31.2,29.064,0.2613,0,0,0,0,1,0,1,0.042383377,0
3930170,UEFA Euro 2024,38,95.6,30.9,26.042,0.2867,0,1,0,0,0,0,1,0.01660744,0
3930170,UEFA Euro 2024,41,116.5,33.3,7.559,0.5976,0,0,0,1,0,0,0,0.29717425,0
3930170,UEFA Euro 2024,42,103.2,33.6,17.978,0.4124,0,1,1,0,0,0,1,0.08807026,0
3930170,UEFA Euro 2024,43,94.5,52.5,28.399,0.2526,0,0,0,0,0,0,1,0.023205703,0
3930170,UEFA Euro 2024,45,113.6,32.8,9.633,0.588,1,0,1,0,0,0,1,0.051894434,0
3930170,UEFA Euro 2024,46,112.9,50.7,12.841,0.3644,0,1,0,0,0,0,0,0.2402346,0
3930170,UEFA Euro 2024,49,110.2,38.0,10.002,0.7507,1,0,1,0,0,0,1,0.068004765,0
3930170,UEFA Euro 2024,57,96.0,23.6,29.068,0.2276,0,0,1,0,0,0,0,0.021775488,0
3930170,UEFA Euro 2024,64,102.7,50.4,20.185,0.3398,0,1,0,0,0,0,0,0.058491293,0
3930170,UEFA Euro 2024,68,114.1,44.7,7.543,0.8568,0,1,1,0,0,0,0,0.3382771,1
3930170,UEFA Euro 2024,71,113.4,38.4,6.791,1.0524,0,1,1,0,0,0,1,0.18343204,0
3930170,UEFA Euro 2024,74,112.9,36.9,7.747,0.9115,1,0,1,0,0,0,1,0.09501195,0
3930170,UEFA Euro 2024,78,96.9,58.1,29.347,0.2153,0,0,0,0,0,0,1,0.010003904,0
3930170,UEFA Euro 2024,82,101.2,28.3,22.143,0.3071,0,0,0,0,0,0,0,0.049244836,0
3930170,UEFA Euro 2024,85,99.1,30.7,22.876,0.3184,0,1,0,0,0,0,1,0.02786128,0
3930170,UEFA Euro 2024,94,104.4,43.9,16.08,0.4752,0,0,1,0,0,0,1,0.032908905,0
3930170,UEFA Euro 2024,94,114.6,40.3,5.408,1.2732,1,0,1,0,0,0,1,0.14172395,1
3938643,UEFA Euro 2024,5,93.9,38.9,26.123,0.3036,0,1,0,0,0,0,0,0.02182334,0
3938643,UEFA Euro 2024,10,112.6,27.2,14.785,0.2843,0,1,0,0,0,0,0,0.082832314,0
3938643,UEFA Euro 2024,13,104.2,25.1,21.718,0.2706,0,1,0,0,0,0,0,0.054202277,0
3938643,UEFA Euro 2024,14,106.1,38.3,14.004,0.5531,0,1,0,0,0,0,1,0.06955565,0
3938643,UEFA Euro 2024,16,89.7,27.9,32.627,0.2272,0,0,1,0,0,0,1,0.016467048,0
3938643,UEFA Euro 2024,18,111.9,50.0,12.869,0.4087,0,1,1,0,0,1,0,0.24532036,0
3938643,UEFA Euro 2024,33,109.8,43.8,10.885,0.6725,1,0,0,0,0,0,0,0.08242022,0
3938643,UEFA Euro 2024,35,87.3,30.0,34.195,0.2231,0,0,0,0,0,0,0,0.013516772,0
3938643,UEFA Euro 2024,37,99.1,41.7,20.969,0.3759,0,0,1,0,0,0,0,0.050685827,0
3938643,UEFA Euro 2024,37,107.3,39.0,12.739,0.607,0,1,1,0,0,0,1,0.046296313,0
3938643,UEFA Euro 2024,38,87.5,38.4,32.539,0.2443,0,0,0,0,0,0,0,0.017444821,0
3938643,UEFA Euro 2024,41,115.6,29.2,11.662,0.2853,0,1,0,0,0,0,0,0.118999206,0
3938643,UEFA Euro 2024,41,112.3,37.3,8.16,0.8833,1,0,1,0,0,0,1,0.09202025,0
3938643,UEFA Euro 2024,44,117.6,29.5,10.771,0.1897,0,0,0,1,0,0,1,0.033283398,0
3938643,UEFA Euro 2024,47,100.2,42.3,19.933,0.3937,0,1,1,0,0,0,1,0.06638347,0
3938643,UEFA Euro 2024,48,103.5,23.3,23.476,0.2418,0,1,0,0,0,0,1,0.03354426,0
3938643,UEFA Euro 2024,48,100.0,24.9,25.06,0.2557,0,0,1,0,0,0,1,0.03001934,0
3938643,UEFA Euro 2024,50,105.4,60.0,24.762,0.1932,0,0,1,0,0,0,1,0.0069303666,0
3938643,UEFA Euro 2024,58,116.6,27.4,13.051,0.1745,0,0,1,1,0,0,1,0.019646157,0
3938643,UEFA Euro 2024,65,95.3,45.7,25.349,0.3055,0,0,1,0,0,1,0,0.04413893,0
3938643,UEFA Euro 2024,71,92.6,31.8,28.601,0.2668,0,0,0,0,0,0,0,0.023918275,0
3938643,UEFA Euro 2024,81,108.7,26.8,17.376,0.3062,0,1,0,0,0,0,1,0.08196821,0
3938643,UEFA Euro 2024,83,95.5,32.7,25.564,0.2983,0,1,0,0,0,0,1,0.027794229,0
3938643,UEFA Euro 2024,84,107.7,41.7,12.417,0.6188,0,1,1,0,0,0,0,0.102023974,0
3938643,UEFA Euro 2024,86,110.2,38.3,9.946,0.7573,1,0,1,0,0,0,1,0.054901406,0
3938643,UEFA Euro 2024,86,94.4,28.8,27.943,0.2616,0,1,0,0,0,0,1,0.023010036,0
3938643,UEFA Euro 2024,91,100.9,29.8,21.653,0.3254,0,0,0,0,0,0,1,0.044415563,0
3938641,UEFA Euro 2024,1,81.5,42.0,38.552,0.2065,0,0,0,0,0,0,1,0.005845531,0
3938641,UEFA Euro 2024,8,115.0,33.0,8.602,0.6037,1,0,0,0,0,0,1,0.12611173,1
3938641,UEFA Euro 2024,9,107.5,45.2,13.538,0.5388,0,1,0,0,0,0,0,0.11302879,0
3938641,UEFA Euro 2024,16,105.5,38.4,14.588,0.5326,0,1,0,0,0,0,0,0.066612996,0
3938641,UEFA Euro 2024,16,104.5,43.5,15.89,0.4829,0,0,0,0,0,0,0,0.11300054,0
3938641,UEFA Euro 2024,17,106.7,29.1,17.196,0.3635,0,1,0,0,0,0,1,0.09912066,0
3938641,UEFA Euro 2024,23,97.3,46.3,23.558,0.325,0,0,1,0,0,0,1,0.034465805,0
3938641,UEFA Euro 2024,26,99.4,38.0,20.697,0.3802,0,0,0,0,0,0,1,0.07402389,0
3938641,UEFA Euro 2024,29,108.9,40.0,11.1,0.6917,0,1,0,0,0,0,1,0.20368662,0
3938641,UEFA Euro 2024,29,113.8,41.6,6.403,1.1039,0,0,0,0,0,0,1,0.4451365,1
3938641,UEFA Euro 2024,38,106.9,32.0,15.35,0.4452,0,0,0,0,0,0,0,0.13583574,0
3938641,UEFA Euro 2024,41,90.9,36.1,29.36,0.2685,0,0,0,0,0,0,0,0.020456407,0
3938641,UEFA Euro 2024,45,91.6,47.5,29.374,0.2621,0,0,0,0,1,0,1,0.04249511,0
3938641,UEFA Euro 2024,46,110.1,38.8,9.972,0.7593,1,0,1,0,0,0,1,0.04781311,0
3938641,UEFA Euro 2024,48,94.0,47.8,27.145,0.2809,0,0,0,0,0,0,1,0.027307073,0
3938641,UEFA Euro 2024,50,111.5,37.6,8.832,0.8314,1,0,1,0,0,0,1,0.062189415,0
3938641,UEFA Euro 2024,51,95.3,42.6,24.836,0.3177,0,0,0,0,0,0,0,0.04481905,0
3938641,UEFA Euro 2024,54,103.6,26.7,21.115,0.2962,0,0,0,0,0,1,0,0.03803288,0
3938641,UEFA Euro 2024,56,103.9,42.4,16.278,0.4774,1,0,1,0,0,0,1,0.01743585,0
3938641,UEFA Euro 2024,59,96.8,24.1,28.126,0.235,0,0,0,0,1,0,1,0.04008755,0
3938641,UEFA Euro 2024,60,113.0,47.4,10.186,0.568,1,0,0,0,0,0,1,0.06839087,0
3938641,UEFA Euro 2024,65,102.5,36.3,17.887,0.4316,0,0,0,0,0,0,1,0.14242558,1
3938641,UEFA Euro 2024,68,99.6,33.0,21.568,0.3485,0,0,0,0,0,0,1,0.07291489,0
3938641,UEFA Euro 2024,74,103.1,44.4,17.463,0.4376,0,1,0,0,0,0,0,0.062519945,0
3938641,UEFA Euro 2024,75,95.9,35.7,24.481,0.3192,0,1,0,0,0,0,1,0.033934437,0
3938641,UEFA Euro 2024,82,97.6,49.9,24.49,0.2978,0,0,0,0,0,0,0,0.040483512,0
3938641,UEFA Euro 2024,84,115.2,28.3,12.646,0.2607,0,0,0,1,0,0,0,0.16341422,0
3938641,UEFA Euro 2024,86,91.4,48.8,29.923,0.2545,0,1,0,0,0,0,1,0.014394102,0
3938641,UEFA Euro 2024,92,112.7,32.9,10.183,0.5875,0,1,0,0,0,0,1,0.12030749,0
3938642,UEFA Euro 2024,2,110.7,30.3,13.438,0.4246,0,0,0,0,0,0,1,0.11786606,0
3938642,UEFA Euro 2024,2,108.9,32.4,13.453,0.4938,0,1,0,0,0,0,1,0.03927281,0
3938642,UEFA Euro 2024,2,112.8,46.4,9.633,0.6435,0,1,0,0,0,0,1,0.1550353,0
3938642,UEFA Euro 2024,3,105.6,41.2,14.45,0.5386,1,0,1,0,0,0,1,0.025926754,0
3938642,UEFA Euro 2024,7,99.6,52.7,24.03,0.2829,0,0,0,0,0,0,0,0.030162912,0
3938642,UEFA Euro 2024,7,102.2,37.3,18.004,0.4329,0,0,0,0,0,0,0,0.043804016,0
3938642,UEFA Euro 2024,12,93.5,44.0,26.8,0.2932,0,0,0,0,0,0,1,0.029279253,0
3938642,UEFA Euro 2024,14,112.2,42.3,8.132,0.894,1,0,1,0,0,0,1,0.085338846,0
3938642,UEFA Euro 2024,22,108.5,42.3,11.728,0.6479,1,0,1,0,0,0,1,0.041940983,0
3938642,UEFA Euro 2024,22,113.9,35.8,7.406,0.8984,0,1,1,0,0,0,1,0.29124188,0
3938642,UEFA Euro 2024,26,113.6,43.0,7.068,0.9851,0,1,0,0,0,0,0,0.53146774,0
3938642,UEFA Euro 2024,28,101.1,27.1,22.883,0.2895,0,0,0,0,0,0,1,0.047878973,0
3938642,UEFA Euro 2024,33,101.1,56.3,24.958,0.2442,0,1,0,0,0,0,0,0.012979693,0
3938642,UEFA Euro 2024,49,104.6,39.9,15.4,0.5082,0,0,0,0,0,0,0,0.11700317,0
3938642,UEFA Euro 2024,50,109.3,41.0,10.747,0.7105,1,0,1,0,0,0,0,0.047342736,0
3938642,UEFA Euro 2024,56,115.5,52.2,13.003,0.231,0,1,0,0,0,0,0,0.02231607,0
3938642,UEFA Euro 2024,56,99.7,31.4,22.047,0.3327,0,1,0,0,0,0,1,0.038487274,0
3938642,UEFA Euro 2024,56,102.9,34.8,17.873,0.4235,0,0,1,0,0,1,0,0.05346131,0
3938642,UEFA Euro 2024,58,115.1,44.1,6.389,1.0063,1,0,1,0,0,0,1,0.16812286,0
3938642,UEFA Euro 2024,58,117.7,36.5,4.188,1.4873,0,0,0,1,0,0,1,0.719015,1
3938642,UEFA Euro 2024,61,111.4,44.7,9.801,0.71,1,0,0,0,0,0,1,0.059734687,0
3938642,UEFA Euro 2024,65,95.4,44.6,25.026,0.3119,0,0,1,0,0,0,0,0.03587616,0
3938642,UEFA Euro 2024,70,91.7,36.6,28.504,0.277,0,0,0,0,0,0,1,0.023518495,0
3938642,UEFA Euro 2024,71,82.5,28.6,39.195,0.1948,0,0,0,0,0,0,0,0.005695847,0
3938642,UEFA Euro 2024,71,91.8,35.6,28.541,0.2753,0,0,1,0,0,0,1,0.02393963,0
3938642,UEFA Euro 2024,76,112.8,32.5,10.397,0.5589,1,0,1,0,0,0,0,0.066270776,0
3938642,UEFA Euro 2024,77,100.9,45.2,19.795,0.3861,0,0,1,0,0,1,0,0.06684302,0
3938642,UEFA Euro 2024,78,92.7,59.5,33.549,0.1944,0,0,0,0,0,0,1,0.0065820687,0
3938642,UEFA Euro 2024,93,101.0,23.0,25.495,0.2353,0,0,1,0,0,0,0,0.029686315,0
3938642,UEFA Euro 2024,94,88.9,41.4,31.131,0.2553,0,1,0,0,0,0,1,0.01932125,0
3938642,UEFA Euro 2024,94,108.1,49.2,15.042,0.4252,0,1,0,0,0,1,0,0.30646315,0
3938639,UEFA Euro 2024,5,113.7,37.4,6.815,1.0273,1,0,1,0,0,0,1,0.109281614,0
3938639,UEFA Euro 2024,6,99.0,59.3,28.522,0.2076,0,0,0,0,0,0,0,0.0104925465,0
3938639,UEFA Euro 2024,9,113.4,36.5,7.471,0.9248,1,0,1,0,0,0,1,0.11773408,0
3938639,UEFA Euro 2024,9,98.2,32.6,23.022,0.3271,0,1,0,0,0,0,0,0.047329877,0
3938639,UEFA Euro 2024,10,92.7,40.9,27.315,0.2907,0,0,0,0,0,0,1,0.027525524,0
3938639,UEFA Euro 2024,11,101.3,25.7,23.541,0.2711,0,0,0,0,0,0,1,0.030906457,0
3938639,UEFA Euro 2024,13,111.6,20.7,21.049,0.1561,0,0,0,0,0,0,1,0.010085153,0
3938639,UEFA Euro 2024,20,103.3,31.0,18.971,0.3706,0,0,0,0,0,0,0,0.04039659,0
3938639,UEFA Euro 2024,22,92.6,29.1,29.488,0.2514,0,0,0,0,0,0,1,0.021431247,0
3938639,UEFA Euro 2024,24,102.6,48.7,19.454,0.3667,0,1,0,0,0,0,0,0.04871227,1
3938639,UEFA Euro 2024,26,111.6,45.6,10.096,0.6637,0,1,0,0,0,0,0,0.32288,0
3938639,UEFA Euro 2024,29,110.0,20.4,22.004,0.1692,0,0,0,0,0,0,1,0.008763675,0
3938639,UEFA Euro 2024,31,111.2,49.7,13.097,0.4251,0,1,0,0,0,0,1,0.19899806,1
3938639,UEFA Euro 2024,34,107.1,41.9,13.039,0.5903,0,1,1,0,0,0,1,0.15692246,0
3938639,UEFA Euro 2024,36,98.4,37.4,21.756,0.3613,0,1,0,0,0,0,0,0.04459064,0
3938639,UEFA Euro 2024,39,107.1,34.6,13.985,0.5216,0,0,0,0,0,0,1,0.07663289,0
3938639,UEFA Euro 2024,40,73.2,39.2,46.807,0.1705,0,1,0,0,0,0,0,0.004520179,0
3938639,UEFA Euro 2024,45,111.7,46.2,10.36,0.6286,0,1,0,0,0,0,0,0.39194897,0
3938639,UEFA Euro 2024,47,107.9,49.7,15.508,0.4071,0,0,1,0,0,0,0,0.08905159,0
3938639,UEFA Euro 2024,48,112.5,22.7,18.856,0.1749,0,0,0,0,0,0,1,0.010639418,0
3938639,UEFA Euro 2024,51,111.1,36.6,9.527,0.7609,0,0,0,0,0,0,0,0.071241885,0
3938639,UEFA Euro 2024,56,93.2,31.5,28.116,0.2701,0,0,0,0,1,0,1,0.048409604,0
3938639,UEFA Euro 2024,59,101.2,24.7,24.239,0.2573,0,0,1,0,0,0,0,0.012807231,0
3938639,UEFA Euro 2024,59,96.6,51.5,26.073,0.2749,0,0,0,0,0,0,0,0.026884427,0
3938639,UEFA Euro 2024,60,95.8,46.1,24.957,0.3088,0,1,1,0,0,0,0,0.02077125,0
3938639,UEFA Euro 2024,61,109.4,30.4,14.301,0.4227,0,1,0,0,0,0,0,0.12805878,0
3938639,UEFA Euro 2024,64,95.5,53.4,27.925,0.2512,0,0,0,0,0,0,0,0.018738218,1
3938639,UEFA Euro 2024,68,108.9,36.5,11.639,0.6392,0,1,0,0,0,0,0,0.35099584,0
3938639,UEFA Euro 2024,69,107.6,41.5,12.49,0.6164,0,0,1,0,0,0,1,0.3773847,0
3938639,UEFA Euro 2024,71,52.0,38.1,68.027,0.1174,0,0,0,0,0,0,0,0.0030440427,0
3938639,UEFA Euro 2024,74,111.2,32.3,11.693,0.5279,1,0,0,0,0,0,1,0.050998244,0
3938639,UEFA Euro 2024,86,111.8,37.6,8.544,0.8554,1,0,0,1,0,0,0,0.15887032,0
3938639,UEFA Euro 2024,92,114.8,32.5,9.126,0.5537,0,1,1,0,0,0,0,0.057229597,0
3938639,UEFA Euro 2024,92,111.4,37.4,8.984,0.8159,0,1,0,0,0,0,0,0.3389554,0
3938639,UEFA Euro 2024,95,108.9,45.6,12.433,0.5699,0,1,0,0,0,0,1,0.07635267,0
3938639,UEFA Euro 2024,96,96.1,52.9,27.159,0.259,0,0,0,1,0,0,1,0.4724009,1
3938638,UEFA Euro 2024,6,97.1,35.4,23.357,0.3331,0,1,0,0,0,0,0,0.046381094,0
3938638,UEFA Euro 2024,7,89.9,33.0,30.903,0.251,0,0,0,0,0,0,0,0.024980098,0
3938638,UEFA Euro 2024,11,99.8,30.0,22.54,0.3173,0,0,0,0,0,0,0,0.028104939,0
3938638,UEFA Euro 2024,21,93.3,39.3,26.709,0.2972,0,0,0,0,0,0,1,0.041105933,0
3938638,UEFA Euro 2024,28,96.6,45.0,23.928,0.3245,0,1,1,0,0,0,0,0.046266142,1
3938638,UEFA Euro 2024,37,102.6,42.1,17.526,0.446,0,0,0,0,0,0,0,0.06380467,0
3938638,UEFA Euro 2024,37,101.2,58.1,26.097,0.2224,0,0,0,0,0,0,0,0.021797933,0
3938638,UEFA Euro 2024,38,120.1,0.8,39.2,-0.0005,0,0,0,1,0,0,1,0.00018,0
3938638,UEFA Euro 2024,45,104.0,26.5,20.934,0.2943,0,0,0,0,0,0,0,0.03314492,0
3938638,UEFA Euro 2024,49,93.6,22.0,31.952,0.2071,0,0,0,0,0,0,0,0.008008759,0
3938638,UEFA Euro 2024,51,108.4,27.6,16.98,0.3284,0,0,1,0,0,0,1,0.031143205,0
3938638,UEFA Euro 2024,52,93.2,49.7,28.501,0.263,0,1,1,0,0,0,0,0.019967925,1
3938638,UEFA Euro 2024,55,98.3,43.3,21.949,0.3568,0,0,0,0,0,0,0,0.07114553,0
3938638,UEFA Euro 2024,56,110.4,56.7,19.263,0.213,0,1,0,0,0,0,0,0.013371198,0
3938638,UEFA Euro 2024,56,116.3,41.2,3.89,1.6002,0,1,0,0,0,0,1,0.8830415,1
3938638,UEFA Euro 2024,64,103.5,46.3,17.662,0.4196,0,1,0,0,0,0,1,0.05293641,0
3938638,UEFA Euro 2024,67,111.2,5.6,35.508,0.0565,0,0,0,0,1,0,1,0.007156054,0
3938638,UEFA Euro 2024,70,94.8,24.9,29.378,0.2337,0,0,0,0,1,0,1,0.038833655,0
3938638,UEFA Euro 2024,76,93.3,40.3,26.702,0.2974,0,0,0,0,0,0,1,0.03194495,0
3938638,UEFA Euro 2024,77,98.6,43.1,21.623,0.3624,0,0,0,0,0,0,1,0.05042256,0
3938638,UEFA Euro 2024,83,110.4,27.6,15.682,0.3224,0,1,0,0,0,1,0,0.11517301,0
3938638,UEFA Euro 2024,91,112.4,55.2,16.994,0.2193,0,1,1,0,0,0,1,0.027714925,0
3938638,UEFA Euro 2024,93,82.6,30.8,38.515,0.2011,0,0,0,0,0,0,0,0.007901854,0
3938640,UEFA Euro 2024,9,108.9,26.0,17.866,0.2849,0,0,0,0,0,0,0,0.054630604,0
3938640,UEFA Euro 2024,10,116.4,47.1,7.961,0.5463,0,1,0,0,0,0,0,0.1294898,0
3938640,UEFA Euro 2024,11,99.9,24.0,25.691,0.2447,0,0,0,0,0,0,0,0.02533847,0
3938640,UEFA Euro 2024,12,92.5,36.0,27.789,0.2831,0,0,0,0,0,0,0,0.02577948,0
3938640,UEFA Euro 2024,16,99.7,50.8,22.994,0.3067,0,0,0,0,1,0,1,0.078277074,0
3938640,UEFA Euro 2024,16,114.4,45.7,7.991,0.7525,1,0,0,0,0,0,1,0.14396761,1
3938640,UEFA Euro 2024,22,93.2,41.7,26.854,0.2952,0,0,0,0,0,0,1,0.03218591,0
3938640,UEFA Euro 2024,27,112.5,29.1,13.231,0.3607,0,0,1,0,0,0,0,0.055954177,0
3938640,UEFA Euro 2024,28,104.4,24.3,22.133,0.2575,0,0,0,0,0,0,1,0.028492702,0
3938640,UEFA Euro 2024,28,111.9,45.2,9.625,0.7018,0,1,0,0,0,0,1,0.3173499,0
3938640,UEFA Euro 2024,33,109.1,45.7,12.3,0.5725,0,1,0,0,0,0,1,0.1337551,0
3938640,UEFA Euro 2024,42,106.5,65.2,28.588,0.134,0,0,0,0,1,0,1,0.0076609575,0
3938640,UEFA Euro 2024,43,100.3,31.4,21.495,0.3396,0,0,1,0,0,0,0,0.061842117,0
3938640,UEFA Euro 2024,43,102.8,39.2,17.219,0.4561,0,1,0,0,0,0,1,0.032029018,0
3938640,UEFA Euro 2024,50,115.1,43.7,6.14,1.0652,1,0,0,1,0,0,1,0.319456,0
3938640,UEFA Euro 2024,53,108.8,37.3,11.521,0.6547,0,1,0,0,0,0,0,0.23976156,1
3938640,UEFA Euro 2024,57,97.3,59.2,29.731,0.2063,0,0,0,0,0,0,0,0.008721116,0
3938640,UEFA Euro 2024,68,113.6,32.9,9.559,0.5967,1,0,1,0,0,0,1,0.06388939,0
3938640,UEFA Euro 2024,73,97.8,55.1,26.849,0.2468,0,0,0,0,0,0,0,0.024953041,0
3938640,UEFA Euro 2024,73,113.7,27.7,13.82,0.2804,0,1,0,0,0,1,0,0.082766004,0
3938640,UEFA Euro 2024,76,97.8,28.6,24.956,0.2847,0,0,1,0,0,0,1,0.03816442,0
3938640,UEFA Euro 2024,79,114.8,49.2,10.568,0.4101,0,0,0,1,0,0,1,0.38643968,1
3938640,UEFA Euro 2024,80,104.1,45.7,16.891,0.4413,0,1,0,0,0,0,1,0.08046466,0
3938640,UEFA Euro 2024,81,107.8,43.4,12.665,0.5944,1,0,1,0,0,0,1,0.03774482,0
3938640,UEFA Euro 2024,84,92.1,21.7,33.366,0.2007,0,0,0,0,1,0,1,0.0087996805,0
3938640,UEFA Euro 2024,89,115.2,29.9,11.183,0.3386,1,0,1,0,0,0,1,0.041888792,0
3938640,UEFA Euro 2024,94,85.8,38.5,34.233,0.2324,0,0,0,0,0,0,1,0.01799174,0
3938637,UEFA Euro 2024,1,110.1,23.0,19.673,0.2103,0,0,0,0,0,0,1,0.010196376,0
3938637,UEFA Euro 2024,5,112.3,34.1,9.701,0.6678,1,0,1,1,0,0,0,0.11391678,0
3938637,UEFA Euro 2024,7,54.2,44.2,65.934,0.1209,0,0,0,0,0,0,1,0.0034011703,0
3938637,UEFA Euro 2024,8,106.1,42.8,14.179,0.5411,0,1,1,0,0,0,1,0.114312105,0
3938637,UEFA Euro 2024,9,107.9,55.5,19.664,0.2555,0,0,0,0,0,0,0,0.04367851,0
3938637,UEFA Euro 2024,13,98.4,58.0,28.117,0.2195,0,0,0,0,0,0,1,0.015395193,0
3938637,UEFA Euro 2024,15,114.6,33.6,8.374,0.6737,1,0,1,0,0,0,1,0.08721661,1
3938637,UEFA Euro 2024,19,107.0,38.9,13.046,0.5933,0,1,1,0,0,0,1,0.033487294,0
3938637,UEFA Euro 2024,21,104.8,40.8,15.221,0.5134,0,1,0,0,0,1,0,0.11201969,0
3938637,UEFA Euro 2024,22,112.1,53.4,15.555,0.2727,0,1,0,0,0,0,0,0.08160148,0
3938637,UEFA Euro 2024,26,110.1,43.1,10.374,0.7128,1,0,0,0,0,0,0,0.110036224,0
3938637,UEFA Euro 2024,26,118.5,33.7,6.476,0.4333,1,0,1,0,0,0,0,0.075011835,0
3938637,UEFA Euro 2024,27,101.1,19.6,27.81,0.197,0,0,1,0,0,0,1,0.010005396,0
3938637,UEFA Euro 2024,28,97.7,34.5,22.968,0.3356,0,0,0,0,0,0,0,0.048307355,1
3938637,UEFA Euro 2024,31,109.5,23.2,19.811,0.2195,0,0,0,0,0,0,1,0.018577162,0
3938637,UEFA Euro 2024,41,112.6,34.0,9.527,0.6698,0,1,1,0,0,0,1,0.107844956,0
3938637,UEFA Euro 2024,44,92.3,29.7,29.553,0.2529,0,0,0,0,0,0,1,0.01554486,0
3938637,UEFA Euro 2024,45,108.0,50.5,15.945,0.383,0,0,0,0,0,0,0,0.15418267,0
3938637,UEFA Euro 2024,47,95.3,49.4,26.428,0.2818,0,0,0,0,0,0,1,0.021836616,0
3938637,UEFA Euro 2024,47,98.4,53.0,25.21,0.272,0,0,0,0,0,0,1,0.031454585,0
3938637,UEFA Euro 2024,48,83.3,34.1,37.171,0.2118,0,0,0,0,0,0,1,0.01068202,0
3938637,UEFA Euro 2024,53,106.5,50.7,17.226,0.3672,0,1,0,0,0,1,0,0.04667762,0
3938637,UEFA Euro 2024,57,108.2,51.3,16.338,0.3598,0,0,0,0,0,0,1,0.060536034,0
3938637,UEFA Euro 2024,58,95.9,46.5,24.961,0.3075,0,0,0,0,0,0,1,0.036215097,0
3938637,UEFA Euro 2024,62,108.9,32.4,13.453,0.4938,0,1,0,0,0,0,0,0.17306519,0
3938637,UEFA Euro 2024,64,110.0,56.3,19.123,0.2249,0,0,1,0,0,0,1,0.03682928,0
3938637,UEFA Euro 2024,72,110.9,41.9,9.296,0.802,1,0,0,0,0,0,1,0.06877075,0
3938637,UEFA Euro 2024,79,115.5,39.4,4.54,1.4434,1,0,0,0,0,0,1,0.2948724,0
3938637,UEFA Euro 2024,82,110.6,36.7,9.962,0.7346,0,1,1,0,0,0,1,0.09464203,1
3938637,UEFA Euro 2024,88,112.0,36.4,8.773,0.8097,0,1,1,0,0,0,0,0.13144952,0
3938637,UEFA Euro 2024,88,119.0,32.0,8.062,0.1618,0,1,0,0,0,0,0,0.021284437,0
3938637,UEFA Euro 2024,91,88.9,45.8,31.636,0.2474,0,0,0,0,0,0,0,0.020169877,0
3938637,UEFA Euro 2024,94,90.3,29.2,31.603,0.2372,0,0,0,0,0,0,1,0.018691555,0
3938644,UEFA Euro 2024,1,111.4,29.2,13.806,0.3754,0,0,1,0,0,1,0,0.13665316,1
3938644,UEFA Euro 2024,11,103.7,19.9,25.879,0.1969,0,0,0,0,0,0,0,0.008420149,0
3938644,UEFA Euro 2024,16,87.1,41.7,32.944,0.2413,0,0,0,0,1,0,1,0.022706533,0
3938644,UEFA Euro 2024,16,109.9,37.3,10.455,0.7137,1,0,1,0,0,0,1,0.049144432,0
3938644,UEFA Euro 2024,17,106.2,46.7,15.34,0.4663,1,0,1,0,0,0,1,0.026044907,0
3938644,UEFA Euro 2024,20,118.7,34.9,5.263,0.7266,1,0,0,1,0,0,1,0.18730545,0
3938644,UEFA Euro 2024,22,92.0,26.5,31.085,0.2315,0,0,1,0,0,0,0,0.019303527,0
3938644,UEFA Euro 2024,23,100.5,38.1,19.592,0.4011,0,0,0,0,0,0,0,0.044234637,0
3938644,UEFA Euro 2024,27,109.5,51.5,15.572,0.3551,0,1,0,0,0,0,1,0.052520916,0
3938644,UEFA Euro 2024,29,97.4,50.7,25.005,0.2885,0,0,0,0,0,0,0,0.03601527,0
3938644,UEFA Euro 2024,32,111.1,57.2,19.366,0.1958,0,0,0,0,0,0,1,0.013807702,0
3938644,UEFA Euro 2024,34,112.6,28.6,13.591,0.3375,0,0,0,0,0,0,0,0.058714412,0
3938644,UEFA Euro 2024,42,95.6,42.0,24.482,0.3229,0,1,0,0,0,0,1,0.035719465,0
3938644,UEFA Euro 2024,45,96.9,45.9,23.842,0.3228,0,0,0,0,0,0,1,0.04260302,0
3938644,UEFA Euro 2024,45,105.2,50.7,18.263,0.3569,0,0,0,0,0,0,0,0.04607975,0
3938644,UEFA Euro 2024,46,113.7,42.7,6.854,1.0197,0,1,0,0,0,0,1,0.18968906,0
3938644,UEFA Euro 2024,46,116.6,36.2,5.099,1.2185,0,1,0,0,0,0,1,0.22954655,0
3938644,UEFA Euro 2024,49,106.4,42.1,13.761,0.5604,0,1,0,0,0,0,1,0.24445653,0
3938644,UEFA Euro 2024,65,102.3,45.9,18.657,0.403,0,0,0,0,0,0,1,0.03953764,0
3938644,UEFA Euro 2024,71,103.4,53.3,21.271,0.2954,0,0,1,0,0,0,0,0.06953994,0
3938644,UEFA Euro 2024,80,92.9,41.1,27.122,0.2926,0,0,0,0,0,0,1,0.020204514,0
3938644,UEFA Euro 2024,81,112.4,39.4,7.624,0.9649,1,0,0,0,0,0,1,0.19409223,0
3938644,UEFA Euro 2024,84,113.5,27.4,14.178,0.274,0,0,1,1,0,0,1,0.08911559,0
3938644,UEFA Euro 2024,90,115.8,45.8,7.161,0.761,0,1,0,0,0,0,0,0.21424782,0
3938644,UEFA Euro 2024,91,100.1,51.9,23.187,0.2962,0,0,1,0,0,0,1,0.01927459,0
3938644,UEFA Euro 2024,92,113.5,37.5,6.964,1.0122,0,1,0,0,0,0,1,0.70389277,0
3938644,UEFA Euro 2024,93,93.5,52.2,29.173,0.2486,0,0,0,0,0,0,0,0.023084719,0
3938644,UEFA Euro 2024,93,116.2,47.1,8.053,0.5567,0,1,0,0,0,0,1,0.102168575,0
3941019,UEFA Euro 2024,1,105.3,39.5,14.709,0.5308,0,1,1,0,0,0,0,0.049315576,0
3941019,UEFA Euro 2024,9,95.5,36.4,24.763,0.3171,0,0,0,0,0,0,1,0.026957866,0
3941019,UEFA Euro 2024,13,106.8,26.1,19.169,0.2919,0,0,0,0,0,0,1,0.06710457,0
3941019,UEFA Euro 2024,17,113.0,50.1,12.289,0.3932,1,0,0,0,0,0,1,0.02893819,0
3941019,UEFA Euro 2024,19,87.2,35.1,33.164,0.2375,0,0,0,0,0,0,0,0.021996574,0
3941019,UEFA Euro 2024,26,106.5,44.0,14.08,0.535,0,1,0,0,0,0,1,0.105909355,0
3941019,UEFA Euro 2024,33,110.6,41.9,9.59,0.7803,1,0,1,0,0,0,1,0.094443604,0
3941019,UEFA Euro 2024,38,89.2,47.9,31.797,0.2427,0,0,1,0,0,0,1,0.022445312,0
3941019,UEFA Euro 2024,40,114.2,32.2,9.72,0.5339,0,1,1,0,0,0,0,0.16247946,0
3941019,UEFA Euro 2024,45,103.3,32.5,18.307,0.3965,0,1,0,0,0,0,1,0.055180438,0
3941019,UEFA Euro 2024,48,93.9,33.9,26.803,0.2889,0,1,0,0,0,0,0,0.027458923,0
3941019,UEFA Euro 2024,49,111.5,24.5,17.678,0.2254,0,0,0,0,0,0,1,0.023882177,0
3941019,UEFA Euro 2024,49,113.4,37.7,6.989,1.0142,1,0,1,0,0,0,1,0.14512838,0
3941019,UEFA Euro 2024,53,102.3,26.3,22.383,0.2841,0,0,0,0,0,0,0,0.037212588,0
3941019,UEFA Euro 2024,55,107.9,46.3,13.642,0.5174,0,1,0,0,0,0,0,0.18814844,0
3941019,UEFA Euro 2024,60,111.0,51.5,14.603,0.35,0,0,1,0,0,1,0,0.13074823,0
3941019,UEFA Euro 2024,64,97.3,43.1,22.911,0.3428,0,0,0,0,0,0,1,0.05479053,0
3941019,UEFA Euro 2024,68,94.6,47.3,26.428,0.2894,0,1,0,0,0,0,1,0.030925188,0
3941019,UEFA Euro 2024,70,109.8,25.7,17.565,0.272,0,0,0,0,0,0,0,0.0381186,0
3941019,UEFA Euro 2024,73,106.1,53.7,19.517,0.2958,0,0,0,0,0,0,1,0.06782964,0
3941019,UEFA Euro 2024,77,103.1,48.2,18.784,0.3817,0,1,0,0,0,0,1,0.09472088,0
3941019,UEFA Euro 2024,82,100.8,31.1,21.162,0.3417,0,1,0,0,0,0,1,0.082713604,0
3941019,UEFA Euro 2024,84,108.7,52.4,16.776,0.3282,0,0,0,0,0,0,0,0.06305356,0
3941019,UEFA Euro 2024,89,88.7,26.5,34.087,0.2151,0,0,0,0,0,0,1,0.005724137,0
3942227,UEFA Euro 2024,9,115.2,59.1,19.694,0.1029,0,1,0,0,0,0,1,0.008929583,0
3942227,UEFA Euro 2024,13,97.1,38.6,22.943,0.3446,0,0,0,0,0,0,0,0.03981024,0
3942227,UEFA Euro 2024,15,97.0,40.0,23.0,0.3444,0,1,0,0,0,0,0,0.041179437,0
3942227,UEFA Euro 2024,21,107.6,34.7,13.485,0.539,1,0,0,0,0,0,1,0.024830516,0
3942227,UEFA Euro 2024,24,103.5,35.4,17.129,0.4441,0,0,0,0,0,1,0,0.050617944,0
3942227,UEFA Euro 2024,42,94.4,53.3,28.849,0.2458,0,0,1,0,0,0,0,0.022693586,0
3942227,UEFA Euro 2024,44,113.2,49.6,11.764,0.4182,0,1,0,0,0,0,1,0.105490096,0
3942227,UEFA Euro 2024,46,111.9,52.7,15.063,0.2981,0,0,0,0,0,0,0,0.043717798,0
3942227,UEFA Euro 2024,50,112.9,30.4,11.94,0.4218,0,0,0,0,0,0,1,0.052396607,0
3942227,UEFA Euro 2024,56,113.4,43.5,7.471,0.9248,1,0,1,0,0,0,0,0.113653235,0
3942227,UEFA Euro 2024,65,103.5,36.6,16.847,0.4579,0,1,0,0,0,0,0,0.054864526,0
3942227,UEFA Euro 2024,74,116.9,38.5,3.444,1.7362,0,1,0,0,0,0,1,0.673555,1
3942227,UEFA Euro 2024,79,100.3,56.6,25.761,0.2387,0,0,0,0,0,0,1,0.027096223,1
3942227,UEFA Euro 2024,82,107.6,40.4,12.406,0.6235,0,0,0,0,0,0,1,0.043730237,0
3942227,UEFA Euro 2024,87,107.6,21.5,22.271,0.2038,0,0,0,0,0,0,1,0.012332749,0
3942227,UEFA Euro 2024,89,102.2,22.4,25.032,0.2291,0,0,0,0,0,1,0,0.02836855,0
3942227,UEFA Euro 2024,92,110.9,28.0,15.06,0.3325,0,0,0,0,0,0,1,0.049106847,0
3942227,UEFA Euro 2024,94,89.6,32.5,31.311,0.247,0,0,0,0,0,0,0,0.017482303,0
3942227,UEFA Euro 2024,100,90.5,44.9,29.904,0.2625,0,0,0,0,0,0,1,0.02448303,0
3942227,UEFA Euro 2024,101,103.5,46.6,17.771,0.4147,0,0,0,0,0,0,1,0.06517577,0
3942227,UEFA Euro 2024,101,103.8,44.8,16.896,0.4483,0,1,1,0,0,0,1,0.06901925,0
3942227,UEFA Euro 2024,112,106.2,58.7,23.241,0.2076,0,1,0,0,0,0,0,0.012323262,0
3942227,UEFA Euro 2024,116,119.3,79.1,39.106,0.0037,0,0,0,1,0,0,1,0.00018,0
3942227,UEFA Euro 2024,118,101.7,23.7,24.507,0.2454,0,0,0,0,0,0,1,0.039720625,0
3942227,UEFA Euro 2024,118,111.7,46.0,10.242,0.6416,0,1,1,0,0,0,1,0.11769032,0
3930174,UEFA Euro 2024,1,104.7,54.5,21.079,0.2783,0,1,0,0,0,0,0,0.030822832,0
3930174,UEFA Euro 2024,3,92.6,41.8,27.459,0.2887,0,0,0,0,0,0,1,0.041098516,0
3930174,UEFA Euro 2024,4,107.8,44.4,12.969,0.5702,0,1,1,0,0,0,1,0.048342027,0
3930174,UEFA Euro 2024,5,116.2,36.6,5.099,1.253,0,1,1,0,0,0,0,0.45019928,0
3930174,UEFA Euro 2024,7,113.1,34.1,9.079,0.6934,1,0,1,0,0,0,0,0.06344055,0
3930174,UEFA Euro 2024,14,108.6,34.2,12.791,0.5535,1,0,1,0,0,0,0,0.04168335,0
3930174,UEFA Euro 2024,20,108.8,44.0,11.893,0.6202,0,1,0,0,0,0,0,0.3171335,1
3930174,UEFA Euro 2024,23,103.2,29.7,19.706,0.3464,0,1,0,0,0,0,1,0.0370126,0
3930174,UEFA Euro 2024,30,110.9,27.4,15.543,0.3122,0,0,0,0,0,0,0,0.09970065,0
3930174,UEFA Euro 2024,31,108.6,51.3,16.051,0.3609,0,1,0,0,0,0,1,0.06214549,0
3930174,UEFA Euro 2024,31,99.0,60.0,29.0,0.2009,0,1,0,0,0,0,1,0.008017924,0
3930174,UEFA Euro 2024,34,104.7,54.4,21.011,0.2801,0,0,0,0,0,0,0,0.07170779,0
3930174,UEFA Euro 2024,36,101.7,30.6,20.573,0.3451,0,0,0,0,0,0,1,0.056781985,0
3930174,UEFA Euro 2024,40,94.9,32.7,26.14,0.2923,0,0,0,0,0,1,0,0.039146766,0
3930174,UEFA Euro 2024,52,89.4,55.2,34.167,0.2095,0,0,0,0,0,0,0,0.006459761,0
3930174,UEFA Euro 2024,55,111.5,36.3,9.27,0.7713,0,1,0,0,0,0,1,0.85188305,1
3930174,UEFA Euro 2024,59,99.9,27.2,23.83,0.2835,0,0,1,0,0,0,0,0.019997858,0
3930174,UEFA Euro 2024,62,97.1,24.9,27.43,0.2438,0,0,0,0,0,0,0,0.025981167,0
3930174,UEFA Euro 2024,65,113.1,37.7,7.273,0.9815,1,0,0,0,0,0,0,0.19733512,0
3930174,UEFA Euro 2024,80,91.0,51.3,31.124,0.2389,0,0,0,0,0,0,0,0.014791918,0
3930174,UEFA Euro 2024,89,107.0,35.5,13.757,0.5406,0,0,0,0,0,0,0,0.16763084,0
3930174,UEFA Euro 2024,90,60.9,25.6,60.829,0.1276,0,1,0,0,0,0,1,0.004203976,0
3930174,UEFA Euro 2024,94,93.8,50.2,28.115,0.2643,0,0,0,0,0,0,0,0.024696983,0
3930162,UEFA Euro 2024,10,105.6,39.0,14.435,0.5396,1,0,1,0,0,0,1,0.023670547,0
3930162,UEFA Euro 2024,14,101.6,37.8,18.531,0.4225,0,1,1,0,0,0,1,0.05016356,0
3930162,UEFA Euro 2024,15,89.6,43.4,30.59,0.2585,0,0,0,0,0,0,0,0.022961853,0
3930162,UEFA Euro 2024,16,109.7,46.4,12.126,0.5613,0,0,1,0,0,0,1,0.2766666,1
3930162,UEFA Euro 2024,20,94.8,34.0,25.904,0.2986,0,1,0,0,0,0,1,0.02282429,0
3930162,UEFA Euro 2024,20,92.1,32.2,28.97,0.2648,0,1,0,0,0,0,1,0.02002185,0
3930162,UEFA Euro 2024,28,113.5,42.3,6.895,1.0256,1,0,1,0,0,0,1,0.10208895,0
3930162,UEFA Euro 2024,34,111.2,42.9,9.266,0.7893,1,0,1,0,0,0,1,0.07210865,0
3930162,UEFA Euro 2024,39,110.8,54.5,17.172,0.258,0,0,1,0,0,0,1,0.033157267,0
3930162,UEFA Euro 2024,41,89.0,35.6,31.311,0.2517,0,0,1,0,0,0,0,0.03012717,0
3930162,UEFA Euro 2024,42,105.1,30.6,17.617,0.3848,0,1,0,0,0,1,0,0.10017875,0
3930162,UEFA Euro 2024,54,106.4,37.5,13.828,0.5557,1,0,1,0,0,0,1,0.028868087,0
3930162,UEFA Euro 2024,55,111.1,43.8,9.677,0.7421,0,1,0,0,0,0,1,0.06811079,0
3930162,UEFA Euro 2024,64,116.7,41.6,3.667,1.6671,0,1,1,0,0,0,1,0.44749036,0
3930162,UEFA Euro 2024,64,100.7,49.3,21.424,0.3354,0,1,0,0,0,0,1,0.05694469,0
3930162,UEFA Euro 2024,65,113.1,39.6,6.912,1.0486,1,0,0,0,0,0,1,0.19572966,0
3930162,UEFA Euro 2024,67,114.6,27.9,13.25,0.2644,0,1,0,0,0,0,1,0.030444594,0
3930162,UEFA Euro 2024,70,114.5,43.6,6.573,1.017,1,0,1,0,0,0,1,0.13023244,0
3930162,UEFA Euro 2024,73,114.0,39.1,6.067,1.1617,0,1,1,0,0,0,1,0.33457097,0
3930162,UEFA Euro 2024,75,94.7,44.0,25.614,0.3063,0,0,1,0,0,0,1,0.032746676,0
3930162,UEFA Euro 2024,76,98.1,22.6,27.971,0.2247,0,1,0,0,0,0,1,0.012828235,1
3930162,UEFA Euro 2024,78,112.5,40.9,7.554,0.9707,0,1,1,0,0,0,0,0.18183897,0
3930162,UEFA Euro 2024,78,111.1,39.6,8.909,0.8435,0,1,1,0,0,0,0,0.10890295,0
3930162,UEFA Euro 2024,80,112.1,27.8,14.534,0.313,1,0,1,0,0,0,1,0.01490126,0
3930162,UEFA Euro 2024,80,114.6,54.5,15.473,0.191,0,0,1,1,0,0,0,0.026201004,0
3930162,UEFA Euro 2024,85,95.3,39.1,24.716,0.3207,0,1,1,0,0,0,1,0.046085708,0
3930162,UEFA Euro 2024,90,90.2,57.0,34.308,0.2025,0,1,0,0,0,0,1,0.0077642933,0
3930176,UEFA Euro 2024,2,113.5,44.4,7.849,0.8508,1,0,1,0,0,0,1,0.08929836,0
3930176,UEFA Euro 2024,10,96.5,38.1,23.577,0.3351,0,1,0,0,0,0,1,0.037393745,0
3930176,UEFA Euro 2024,11,108.1,35.2,12.832,0.5696,0,1,1,0,0,0,1,0.087086074,0
3930176,UEFA Euro 2024,27,113.7,35.0,8.043,0.8027,0,1,1,0,0,0,0,0.18121041,1
3930176,UEFA Euro 2024,30,101.6,26.3,22.94,0.2809,0,0,0,0,0,0,1,0.046368696,0
3930176,UEFA Euro 2024,32,89.8,32.6,31.093,0.2488,0,0,0,0,0,0,0,0.021470767,0
3930176,UEFA Euro 2024,40,114.5,47.4,9.22,0.5676,1,0,0,0,0,0,1,0.07583652,0
3930176,UEFA Euro 2024,41,107.1,49.6,16.08,0.4022,0,1,0,0,0,1,0,0.074331574,0
3930176,UEFA Euro 2024,42,95.2,40.1,24.8,0.3198,0,0,0,0,0,0,1,0.024752146,0
3930176,UEFA Euro 2024,49,101.0,49.4,21.198,0.3373,0,0,1,0,0,0,0,0.10492643,0
3930176,UEFA Euro 2024,49,103.1,41.9,17.006,0.4595,0,1,0,0,0,0,0,0.13064142,0
3930176,UEFA Euro 2024,54,95.3,38.1,24.773,0.3193,0,1,0,0,0,0,0,0.04210514,0
3930176,UEFA Euro 2024,62,94.6,26.2,28.907,0.243,0,0,0,0,0,0,1,0.024444293,0
3930176,UEFA Euro 2024,63,110.0,40.4,10.008,0.7601,1,0,1,0,0,0,0,0.06176375,0
3930176,UEFA Euro 2024,63,110.4,38.4,9.732,0.7731,1,0,1,0,0,0,1,0.06201411,0
3930176,UEFA Euro 2024,67,115.1,42.0,5.292,1.2735,1,0,0,0,0,0,1,0.22987874,0
3930176,UEFA Euro 2024,69,114.2,47.9,9.801,0.5253,0,0,0,0,0,0,0,0.09524317,0
3930176,UEFA Euro 2024,73,93.6,51.6,28.836,0.2534,0,1,0,0,0,0,0,0.024068562,0
3930176,UEFA Euro 2024,81,104.6,53.2,20.283,0.302,0,0,0,0,0,0,1,0.037312206,0
3930176,UEFA Euro 2024,84,114.0,42.8,6.621,1.0452,1,0,0,0,0,0,1,0.18030311,0
3930176,UEFA Euro 2024,87,93.4,33.9,27.29,0.2841,0,1,0,0,0,0,0,0.028437931,0
3930176,UEFA Euro 2024,91,113.6,41.4,6.551,1.0867,1,0,1,0,0,0,1,0.16287667,1
3930169,UEFA Euro 2024,12,103.8,32.8,17.728,0.4099,0,1,0,0,0,0,0,0.06252074,1
3930169,UEFA Euro 2024,15,100.6,38.0,19.503,0.4027,0,1,1,0,0,0,1,0.03573002,0
3930169,UEFA Euro 2024,25,98.1,32.5,23.149,0.3251,0,1,0,0,0,0,0,0.08584379,1
3930169,UEFA Euro 2024,27,104.0,52.2,20.121,0.318,0,0,0,0,0,0,1,0.04224507,0
3930169,UEFA Euro 2024,29,110.8,33.1,11.5,0.5644,0,1,0,0,0,0,1,0.05182667,0
3930169,UEFA Euro 2024,31,111.7,31.1,12.17,0.4658,0,0,0,0,0,0,0,0.22225732,0
3930169,UEFA Euro 2024,37,107.7,38.9,12.349,0.6246,1,0,1,0,0,0,1,0.066154584,0
3930169,UEFA Euro 2024,40,116.8,47.4,8.062,0.4814,0,1,0,0,0,0,1,0.10378359,0
3930169,UEFA Euro 2024,41,103.8,25.1,22.01,0.2699,0,1,0,0,0,0,0,0.039015256,0
3930169,UEFA Euro 2024,55,104.0,23.4,23.056,0.2434,0,0,0,0,0,0,1,0.026921839,0
3930169,UEFA Euro 2024,57,102.8,37.7,17.353,0.4496,0,0,1,0,0,1,0,0.293888,0
3930169,UEFA Euro 2024,63,107.2,25.6,19.267,0.2807,0,0,0,0,0,0,1,0.04814583,0
3930169,UEFA Euro 2024,64,89.4,44.5,30.929,0.2546,0,0,0,0,0,0,0,0.025520865,0
3930169,UEFA Euro 2024,66,114.8,36.6,6.213,1.0731,1,0,1,0,0,0,1,0.19868778,0
3930169,UEFA Euro 2024,73,106.4,38.2,13.719,0.5635,1,0,1,0,0,0,1,0.025902173,0
3930169,UEFA Euro 2024,75,112.3,34.2,9.64,0.6752,1,0,1,0,0,0,1,0.062246423,0
3930169,UEFA Euro 2024,77,108.3,23.4,20.309,0.2318,0,0,1,0,0,0,1,0.034561172,0
3930169,UEFA Euro 2024,80,109.4,43.5,11.163,0.6629,1,0,0,0,0,0,0,0.049823087,0
3930169,UEFA Euro 2024,80,107.3,44.8,13.577,0.543,0,1,1,0,0,0,0,0.06748764,0
3930169,UEFA Euro 2024,80,107.7,42.7,12.593,0.6041,0,1,0,0,0,0,0,0.065750904,0
3930169,UEFA Euro 2024,86,98.5,60.6,29.776,0.1951,0,0,1,0,0,0,1,0.011382165,0
3930169,UEFA Euro 2024,89,112.3,34.8,9.291,0.7193,1,0,0,0,0,0,1,0.10971865,0
3930169,UEFA Euro 2024,90,100.0,32.0,21.541,0.343,0,1,0,0,0,0,0,0.032622617,0
3942819,UEFA Euro 2024,6,99.6,51.2,23.272,0.3011,0,0,0,0,0,0,0,0.04893475,1
3942819,UEFA Euro 2024,12,88.2,36.6,31.981,0.2475,0,0,0,0,0,0,0,0.028932061,0
3942819,UEFA Euro 2024,13,104.5,41.6,15.582,0.5003,0,0,0,0,0,0,1,0.07174964,0
3942819,UEFA Euro 2024,22,117.0,47.6,8.171,0.4417,0,0,0,0,0,0,0,0.17228934,0
3942819,UEFA Euro 2024,28,102.9,45.1,17.844,0.4248,0,1,0,0,0,1,0,0.039829366,0
3942819,UEFA Euro 2024,29,111.3,43.4,9.341,0.7737,1,0,1,0,0,0,1,0.0631593,0
3942819,UEFA Euro 2024,31,95.8,51.6,26.837,0.2683,0,0,1,0,0,0,0,0.028710563,0
3942819,UEFA Euro 2024,38,98.4,50.6,24.061,0.2978,0,1,0,0,0,0,0,0.03463848,0
3942819,UEFA Euro 2024,40,98.8,52.9,24.816,0.2755,0,0,1,0,0,0,0,0.029809527,0
3942819,UEFA Euro 2024,64,109.5,33.3,12.456,0.5431,0,1,1,0,0,0,1,0.08157874,0
3942819,UEFA Euro 2024,64,111.1,44.6,10.018,0.7009,1,0,1,0,0,0,1,0.058512155,0
3942819,UEFA Euro 2024,76,110.4,38.9,9.663,0.7817,1,0,1,0,0,0,1,0.057835978,0
3942819,UEFA Euro 2024,76,103.5,45.0,17.241,0.4388,0,1,0,0,0,0,1,0.06232192,0
3942819,UEFA Euro 2024,87,104.8,50.4,18.417,0.3599,0,0,0,0,0,0,0,0.051446717,0
3942819,UEFA Euro 2024,90,110.4,53.5,16.565,0.2889,0,0,0,0,0,0,1,0.035494413,1
3943043,UEFA Euro 2024,11,115.6,28.4,12.406,0.2499,0,0,1,1,0,0,1,0.06802966,0
3943043,UEFA Euro 2024,12,112.9,36.2,8.053,0.8605,0,1,1,0,0,0,1,0.11746518,0
3943043,UEFA Euro 2024,16,96.2,40.8,23.813,0.3327,0,1,1,0,0,0,1,0.0489952,0
3943043,UEFA Euro 2024,27,101.2,49.8,21.201,0.334,0,0,0,0,0,0,1,0.048117142,0
3943043,UEFA Euro 2024,34,95.0,31.2,26.504,0.2835,0,0,0,0,0,0,1,0.02654902,0
3943043,UEFA Euro 2024,42,113.9,30.2,11.543,0.3944,0,1,0,0,0,0,0,0.07835983,0
3943043,UEFA Euro 2024,44,102.6,36.7,17.71,0.4374,0,0,0,0,0,0,0,0.048372418,0
3943043,UEFA Euro 2024,45,114.4,29.9,11.549,0.3646,0,1,0,0,0,0,1,0.1796937,0
3943043,UEFA Euro 2024,46,109.9,28.0,15.685,0.3378,0,1,0,0,0,0,1,0.1124816,1
3943043,UEFA Euro 2024,48,108.8,32.1,13.706,0.4806,0,0,0,0,0,0,0,0.2455793,0
3943043,UEFA Euro 2024,54,95.8,46.1,24.957,0.3088,0,0,1,0,0,0,1,0.02528921,0
3943043,UEFA Euro 2024,54,110.9,51.0,14.276,0.3698,0,1,0,0,0,0,1,0.24310583,0
3943043,UEFA Euro 2024,55,97.2,43.4,23.052,0.3401,0,0,0,0,0,0,1,0.04913289,0
3943043,UEFA Euro 2024,63,99.0,37.2,21.186,0.3702,0,0,1,0,0,0,1,0.05628593,0
3943043,UEFA Euro 2024,65,103.5,49.7,19.14,0.3603,0,0,0,0,0,1,0,0.16213313,0
3943043,UEFA Euro 2024,66,111.9,43.8,8.947,0.7912,1,0,1,0,0,0,1,0.097933225,0
3943043,UEFA Euro 2024,69,93.3,35.9,27.013,0.2908,0,0,0,0,0,0,1,0.03257165,0
3943043,UEFA Euro 2024,69,91.0,40.1,29.0,0.2741,0,1,1,0,0,0,0,0.07470869,0
3943043,UEFA Euro 2024,71,112.0,24.9,17.088,0.2278,0,1,0,0,0,1,0,0.037707567,0
3943043,UEFA Euro 2024,72,98.4,49.0,23.4,0.3143,0,1,0,0,0,0,0,0.03794335,1
3943043,UEFA Euro 2024,81,107.2,50.2,16.367,0.3861,0,1,0,0,0,0,0,0.16392969,0
3943043,UEFA Euro 2024,85,111.2,36.3,9.546,0.7529,0,1,0,0,0,0,1,0.2833282,1
3943043,UEFA Euro 2024,89,109.5,44.1,11.272,0.6476,1,0,0,0,0,0,1,0.057442125,0
3943043,UEFA Euro 2024,89,114.8,35.5,6.877,0.9259,1,0,1,0,0,0,1,0.117154144,0
3943043,UEFA Euro 2024,89,113.1,41.4,7.041,1.0244,1,0,0,0,0,0,1,0.10578214,0
3942752,UEFA Euro 2024,4,115.4,35.9,6.162,1.0326,1,0,0,0,0,0,0,0.19328672,0
3942752,UEFA Euro 2024,8,114.9,43.7,6.301,1.0446,1,0,0,0,0,0,1,0.27131972,1
3942752,UEFA Euro 2024,15,88.6,45.1,31.811,0.2471,0,0,0,0,1,0,1,0.030292137,0
3942752,UEFA Euro 2024,18,102.9,30.2,19.709,0.352,0,0,1,0,0,0,0,0.08122322,0
3942752,UEFA Euro 2024,20,93.2,47.1,27.725,0.2775,0,0,0,0,0,0,0,0.02681241,1
3942752,UEFA Euro 2024,24,111.6,50.8,13.682,0.374,0,0,1,0,0,0,1,0.07387237,1
3942752,UEFA Euro 2024,35,99.7,39.5,20.306,0.3889,0,0,1,0,0,0,1,0.04887295,0
3942752,UEFA Euro 2024,39,97.7,49.9,24.399,0.2987,0,0,1,0,0,0,0,0.024287114,0
3942752,UEFA Euro 2024,52,111.9,37.4,8.507,0.8549,1,0,0,0,0,0,1,0.08108944,0
3942752,UEFA Euro 2024,55,111.3,24.4,17.862,0.2258,0,0,0,0,0,0,0,0.037130367,0
3942752,UEFA Euro 2024,62,115.4,46.4,7.882,0.6735,1,0,1,0,0,0,1,0.09654521,0
3942752,UEFA Euro 2024,75,103.1,34.5,17.772,0.4236,0,1,0,0,0,0,0,0.12171783,0
3942752,UEFA Euro 2024,80,100.4,51.7,22.827,0.301,0,0,0,0,0,0,0,0.05438437,0
3942752,UEFA Euro 2024,85,104.1,29.6,18.999,0.3533,0,0,0,0,0,0,0,0.09963949,0
3942752,UEFA Euro 2024,94,109.8,46.9,12.315,0.5416,1,0,1,0,0,0,1,0.03180728,0
3942382,UEFA Euro 2024,0,103.7,33.2,17.662,0.415,0,0,0,0,0,0,1,0.1305271,0
3942382,UEFA Euro 2024,6,108.3,42.5,11.964,0.6346,0,0,0,0,0,0,0,0.064000264,0
3942382,UEFA Euro 2024,10,94.1,49.4,27.553,0.2719,0,0,0,0,0,0,0,0.025876114,0
3942382,UEFA Euro 2024,11,95.1,32.8,25.92,0.2949,0,0,0,0,0,0,0,0.03922345,0
3942382,UEFA Euro 2024,20,98.9,57.7,27.541,0.2235,0,0,0,0,0,0,1,0.018811692,0
3942382,UEFA Euro 2024,28,110.5,34.8,10.83,0.6437,0,1,1,0,0,0,1,0.103276074,0
3942382,UEFA Euro 2024,31,99.3,66.6,33.705,0.1468,0,1,1,0,0,0,1,0.006275559,0
3942382,UEFA Euro 2024,33,105.0,22.8,22.822,0.2334,0,0,1,0,0,0,1,0.019850902,0
3942382,UEFA Euro 2024,34,117.9,35.1,5.331,0.9342,1,0,1,0,0,0,1,0.24565445,1
3942382,UEFA Euro 2024,41,93.2,50.5,28.784,0.258,0,0,0,0,0,0,0,0.025480429,0
3942382,UEFA Euro 2024,55,90.2,45.9,30.378,0.2571,0,0,0,0,1,0,1,0.042380717,0
3942382,UEFA Euro 2024,56,95.0,31.7,26.342,0.2869,0,0,0,0,0,0,0,0.02907499,0
3942382,UEFA Euro 2024,62,102.6,24.6,23.236,0.2597,0,1,0,0,0,0,0,0.03874837,0
3942382,UEFA Euro 2024,64,97.4,42.2,22.707,0.3472,0,1,0,0,0,0,1,0.038447194,0
3942382,UEFA Euro 2024,69,110.5,37.0,9.962,0.7399,0,1,0,0,0,0,0,0.07885103,0
3942382,UEFA Euro 2024,69,114.1,47.8,9.78,0.535,0,1,0,0,0,0,0,0.15561853,0
3942382,UEFA Euro 2024,69,110.1,39.1,9.941,0.7631,1,0,0,0,0,0,1,0.061265625,1
3942382,UEFA Euro 2024,74,95.1,28.0,27.641,0.2603,0,0,0,0,0,0,1,0.024245147,0
3942382,UEFA Euro 2024,83,108.2,46.5,13.472,0.5184,1,0,1,0,0,0,0,0.041926187,0
3942382,UEFA Euro 2024,84,110.5,50.7,14.309,0.3828,0,1,0,0,0,0,1,0.24236712,0
3942382,UEFA Euro 2024,84,110.2,29.0,14.732,0.3718,0,0,0,0,0,0,1,0.08011716,0
3942382,UEFA Euro 2024,87,111.3,34.1,10.512,0.6348,1,0,1,0,0,0,1,0.07797563,0
3942382,UEFA Euro 2024,88,106.9,25.8,19.32,0.2853,0,1,0,0,0,0,0,0.07189418,0
3942382,UEFA Euro 2024,89,115.1,30.4,10.778,0.373,1,0,0,0,0,0,1,0.095398486,0
3942382,UEFA Euro 2024,91,111.3,41.6,8.846,0.8411,0,0,0,0,0,0,0,0.113987,0
3942382,UEFA Euro 2024,92,101.2,29.4,21.582,0.3227,0,0,0,0,0,0,0,0.030088589,0
3942349,UEFA Euro 2024,15,92.5,32.9,28.402,0.2714,0,0,0,0,0,0,0,0.02740746,0
3942349,UEFA Euro 2024,19,91.4,26.7,31.541,0.2296,0,0,0,0,0,0,0,0.017666074,0
3942349,UEFA Euro 2024,27,98.0,59.1,29.134,0.2083,0,0,0,0,0,0,0,0.009978434,0
3942349,UEFA Euro 2024,27,94.9,25.6,28.937,0.2398,0,0,1,0,0,0,0,0.021160081,0
3942349,UEFA Euro 2024,41,93.9,26.0,29.618,0.2379,0,0,0,0,1,0,1,0.03952836,0
3942349,UEFA Euro 2024,49,99.5,28.3,23.604,0.2943,0,1,1,0,0,0,1,0.033553086,0
3942349,UEFA Euro 2024,50,89.5,30.2,32.036,0.237,0,0,0,0,0,0,1,0.019283272,0
3942349,UEFA Euro 2024,53,111.7,47.2,10.988,0.5651,1,0,0,0,0,0,1,0.04770692,0
3942349,UEFA Euro 2024,60,109.3,52.1,16.152,0.3363,0,1,0,0,0,0,1,0.13447225,0
3942349,UEFA Euro 2024,60,105.7,52.8,19.192,0.314,0,0,1,0,0,0,1,0.052601743,0
3942349,UEFA Euro 2024,62,91.6,23.0,33.099,0.2074,0,0,0,0,0,0,0,0.006239464,0
3942349,UEFA Euro 2024,62,110.4,32.9,11.94,0.5454,0,1,0,0,0,0,0,0.264942,0
3942349,UEFA Euro 2024,62,118.7,45.1,5.263,0.7266,0,1,0,0,0,0,0,0.1352057,0
3942349,UEFA Euro 2024,65,107.2,49.3,15.822,0.412,0,1,0,0,0,0,0,0.116558924,0
3942349,UEFA Euro 2024,66,108.1,54.2,18.527,0.2831,0,0,1,0,0,0,1,0.022234876,0
3942349,UEFA Euro 2024,69,113.7,56.4,17.568,0.1705,0,0,0,0,0,0,0,0.010713111,0
3942349,UEFA Euro 2024,69,114.8,50.0,11.271,0.3585,0,0,0,0,0,0,0,0.23683809,0
3942349,UEFA Euro 2024,73,99.1,57.0,26.941,0.2313,0,0,1,0,0,0,1,0.02501046,0
3942349,UEFA Euro 2024,84,99.5,61.1,29.419,0.1907,0,0,0,0,1,0,1,0.010742701,0
3942349,UEFA Euro 2024,85,88.0,22.7,36.377,0.1934,0,0,0,0,0,0,1,0.00655848,0
3942349,UEFA Euro 2024,87,93.9,33.2,26.971,0.2855,0,0,0,0,0,0,0,0.02393025,0
3942349,UEFA Euro 2024,88,96.4,33.1,24.588,0.3104,0,0,1,0,0,0,1,0.052443802,0
3942349,UEFA Euro 2024,89,107.5,53.3,18.252,0.3055,0,0,0,0,0,0,0,0.050959174,0
3942349,UEFA Euro 2024,91,96.1,25.4,28.007,0.2439,0,0,0,0,0,0,1,0.019525701,0
3942349,UEFA Euro 2024,92,99.9,39.0,20.125,0.392,0,0,0,0,0,0,0,0.04812045,0
3942349,UEFA Euro 2024,92,111.4,42.7,9.014,0.8119,0,1,0,0,0,0,0,0.2695404,0
3942349,UEFA Euro 2024,96,106.6,32.5,15.356,0.4538,0,0,0,0,0,0,0,0.06612929,0
3942349,UEFA Euro 2024,96,101.2,43.9,19.2,0.4031,0,1,0,0,0,0,1,0.18562049,0
3942349,UEFA Euro 2024,101,109.9,35.7,10.977,0.6582,0,1,0,0,0,0,1,0.13186198,0
3942349,UEFA Euro 2024,104,103.0,56.4,23.621,0.2459,0,0,0,0,0,0,1,0.021586083,0
3942349,UEFA Euro 2024,107,116.0,30.8,10.032,0.3615,1,0,0,0,0,0,1,0.08330991,0
3942349,UEFA Euro 2024,111,100.5,47.5,20.893,0.3552,0,0,0,0,0,0,0,0.0539449,0
3942349,UEFA Euro 2024,113,114.4,28.4,12.881,0.2904,0,0,0,0,0,0,0,0.059450485,0
3942349,UEFA Euro 2024,117,109.6,37.4,10.72,0.6993,1,0,1,0,0,0,1,0.039004326,0
3942349,UEFA Euro 2024,119,103.1,38.3,16.985,0.4606,0,1,1,0,0,0,0,0.1323755,0
3930180,UEFA Euro 2024,13,106.5,38.9,13.545,0.5728,0,1,0,0,0,0,0,0.14255726,0
3930180,UEFA Euro 2024,22,105.6,32.9,16.055,0.4447,0,1,0,0,0,0,1,0.35075784,0
3930180,UEFA Euro 2024,29,102.9,33.1,18.44,0.3995,0,1,0,0,0,0,1,0.055332307,0
3930180,UEFA Euro 2024,29,94.8,24.0,29.85,0.2264,0,1,0,0,0,0,1,0.012392985,0
3930180,UEFA Euro 2024,33,95.2,44.7,25.241,0.3092,0,0,0,0,0,0,1,0.044637516,0
3930180,UEFA Euro 2024,36,97.9,25.3,26.542,0.2514,0,0,0,0,0,0,1,0.02351871,0
3930180,UEFA Euro 2024,37,101.1,31.8,20.602,0.3545,0,0,0,0,0,0,1,0.035556145,0
3930180,UEFA Euro 2024,37,112.7,41.3,7.415,0.9822,0,1,0,0,0,0,1,0.46128318,0
3930180,UEFA Euro 2024,39,94.7,40.5,25.305,0.3135,0,0,0,0,0,1,0,0.057999488,0
3930180,UEFA Euro 2024,40,107.5,50.1,16.07,0.3915,0,1,0,0,0,0,1,0.07204104,0
3930180,UEFA Euro 2024,40,114.9,35.9,6.544,0.9893,1,0,0,0,0,0,0,0.37566358,0
3930180,UEFA Euro 2024,46,111.8,41.6,8.355,0.8839,1,0,0,0,0,0,1,0.09956471,0
3930180,UEFA Euro 2024,46,107.4,30.2,15.962,0.3994,0,0,0,0,0,1,0,0.12614554,1
3930180,UEFA Euro 2024,53,114.4,37.3,6.217,1.1027,1,0,1,0,0,0,1,0.14079262,0
3930180,UEFA Euro 2024,58,110.2,40.7,9.825,0.772,1,0,1,0,0,0,0,0.17982809,1
3930180,UEFA Euro 2024,72,74.0,47.8,46.657,0.1687,0,0,0,0,0,0,1,0.020448573,0
3930180,UEFA Euro 2024,74,109.7,37.5,10.599,0.7076,0,0,1,0,0,0,1,0.121777005,1
3930180,UEFA Euro 2024,79,114.9,29.1,12.034,0.3067,0,1,0,0,0,0,0,0.1324231,1
3930180,UEFA Euro 2024,85,107.3,41.3,12.766,0.6048,1,0,1,1,0,0,1,0.080460265,0
3930180,UEFA Euro 2024,94,111.2,25.1,17.305,0.2434,0,0,0,0,0,0,1,0.03492738,0
3930171,UEFA Euro 2024,0,97.1,27.4,26.138,0.268,0,1,0,0,0,0,0,0.025765574,0
3930171,UEFA Euro 2024,12,104.5,51.4,19.241,0.3367,0,0,1,0,0,0,1,0.10147241,0
3930171,UEFA Euro 2024,16,97.3,38.5,22.75,0.3474,0,0,0,0,0,0,0,0.052686803,0
3930171,UEFA Euro 2024,17,112.9,40.4,7.111,1.0241,0,1,0,0,0,1,0,0.45489097,1
3930171,UEFA Euro 2024,22,108.4,56.6,20.251,0.2312,0,0,0,0,0,0,1,0.01892699,0
3930171,UEFA Euro 2024,24,112.3,34.5,9.463,0.6973,1,0,1,0,0,0,0,0.06100823,0
3930171,UEFA Euro 2024,25,102.6,49.8,19.97,0.3488,0,0,1,0,0,0,0,0.039681155,0
3930171,UEFA Euro 2024,27,115.3,53.4,14.2,0.1998,0,1,0,0,0,0,1,0.021727161,0
3930171,UEFA Euro 2024,31,108.2,50.4,15.729,0.3873,0,1,1,0,0,0,0,0.03800949,0
3930171,UEFA Euro 2024,33,88.6,40.7,31.408,0.2533,0,0,0,0,0,0,0,0.019366447,1
3930171,UEFA Euro 2024,37,97.2,49.3,24.624,0.2997,0,0,0,0,0,0,1,0.037683774,0
3930171,UEFA Euro 2024,38,117.7,28.2,12.022,0.1422,1,0,1,0,0,0,1,0.011467024,0
3930171,UEFA Euro 2024,40,94.2,31.4,27.196,0.2779,0,0,0,0,0,0,0,0.025206389,0
3930171,UEFA Euro 2024,43,93.1,54.1,30.371,0.2331,0,1,0,0,0,0,0,0.021093283,0
3930171,UEFA Euro 2024,46,95.5,54.6,28.52,0.241,0,0,0,0,0,0,0,0.01993659,0
3930171,UEFA Euro 2024,46,101.3,49.5,20.975,0.3392,0,1,0,0,0,0,1,0.0451295,0
3930171,UEFA Euro 2024,50,93.7,26.4,29.608,0.2398,0,0,1,0,0,0,0,0.021318365,0
3930171,UEFA Euro 2024,52,115.1,49.3,10.512,0.3932,1,0,1,0,0,0,0,0.06160539,0
3930171,UEFA Euro 2024,55,96.8,51.3,25.806,0.2782,0,0,0,0,0,0,1,0.035421107,0
3930171,UEFA Euro 2024,55,110.1,50.4,14.359,0.3946,0,1,0,0,0,0,1,0.22372523,0
3930171,UEFA Euro 2024,58,103.9,55.8,22.558,0.2556,0,0,0,0,0,0,0,0.04036888,0
3930171,UEFA Euro 2024,63,93.3,45.6,27.281,0.2853,0,0,0,0,0,0,0,0.02688801,0
3930171,UEFA Euro 2024,66,96.1,28.0,26.743,0.2669,0,0,0,0,0,0,1,0.017544413,0
3930171,UEFA Euro 2024,70,115.0,51.1,12.174,0.2938,0,1,0,0,0,0,1,0.114346,0
3930171,UEFA Euro 2024,72,89.7,32.2,31.288,0.2466,0,1,0,0,0,0,0,0.022561343,0
3930171,UEFA Euro 2024,76,85.4,47.2,35.341,0.2208,0,0,0,0,0,0,1,0.01088163,0
3930171,UEFA Euro 2024,83,113.5,39.7,6.507,1.1019,0,1,0,0,0,0,1,0.2926257,0
3930171,UEFA Euro 2024,84,100.5,30.8,21.561,0.3345,0,0,0,0,0,0,0,0.04469684,0
3942226,UEFA Euro 2024,0,101.5,39.7,18.502,0.4258,0,1,1,0,0,0,0,0.11743693,0
3942226,UEFA Euro 2024,11,91.9,28.7,30.287,0.2444,0,0,1,0,0,0,1,0.021921165,0
3942226,UEFA Euro 2024,14,98.9,48.6,22.785,0.3237,0,0,0,0,1,0,1,0.084460065,0
3942226,UEFA Euro 2024,15,100.2,21.9,26.826,0.2214,0,0,1,0,0,0,0,0.013587153,0
3942226,UEFA Euro 2024,16,98.6,41.5,21.453,0.3679,0,0,1,0,0,0,0,0.06860946,0
3942226,UEFA Euro 2024,20,110.4,40.0,9.6,0.7896,1,0,1,0,0,0,0,0.07551446,0
3942226,UEFA Euro 2024,22,95.6,23.8,29.288,0.2279,0,0,1,0,0,0,0,0.020855846,0
3942226,UEFA Euro 2024,24,109.2,32.9,12.925,0.5196,1,0,1,0,0,0,1,0.021546038,0
3942226,UEFA Euro 2024,34,102.7,39.0,17.329,0.4531,0,0,0,0,0,0,0,0.154297,0
3942226,UEFA Euro 2024,38,92.1,45.5,28.437,0.2745,0,0,0,0,0,0,1,0.029002221,0
3942226,UEFA Euro 2024,44,89.1,49.3,32.269,0.2366,0,0,1,0,0,0,0,0.027097616,0
3942226,UEFA Euro 2024,46,112.2,43.8,8.676,0.811,0,0,1,0,0,0,1,0.15766257,0
3942226,UEFA Euro 2024,47,96.7,56.2,28.378,0.2319,0,1,0,0,0,0,0,0.020109814,0
3942226,UEFA Euro 2024,51,103.6,42.7,16.621,0.4669,0,1,0,0,0,0,1,0.16316466,1
3942226,UEFA Euro 2024,54,98.6,44.9,21.954,0.3521,0,0,1,0,0,0,0,0.040737197,0
3942226,UEFA Euro 2024,54,107.4,52.1,17.469,0.3354,0,1,1,0,0,0,0,0.12471274,0
3942226,UEFA Euro 2024,59,93.1,39.8,26.901,0.2952,0,0,0,0,0,0,1,0.028129423,0
3942226,UEFA Euro 2024,63,111.8,47.0,10.781,0.5795,1,0,1,0,0,0,1,0.046607595,0
3942226,UEFA Euro 2024,69,99.8,43.6,20.518,0.3797,0,1,0,0,0,0,0,0.06904092,0
3942226,UEFA Euro 2024,71,108.8,33.1,13.155,0.5185,0,0,0,0,0,0,0,0.08557191,0
3942226,UEFA Euro 2024,71,110.7,39.3,9.326,0.8089,1,0,1,0,0,0,0,0.078394026,0
3942226,UEFA Euro 2024,76,109.2,42.6,11.109,0.6775,0,1,1,0,0,0,1,0.10089645,0
3942226,UEFA Euro 2024,80,111.0,25.7,16.896,0.2611,0,0,1,0,0,0,1,0.06056656,0
3942226,UEFA Euro 2024,81,93.1,21.7,32.535,0.2036,0,1,0,0,0,0,0,0.037947286,0
3942226,UEFA Euro 2024,83,96.6,34.4,24.061,0.321,0,0,0,0,0,0,1,0.04979181,0
3942226,UEFA Euro 2024,87,97.2,39.1,22.818,0.3468,0,1,0,0,0,0,1,0.040309463,0
3942226,UEFA Euro 2024,88,111.8,45.5,9.874,0.6778,0,1,0,0,0,0,1,0.119556814,1
3942226,UEFA Euro 2024,93,113.2,43.6,7.694,0.8997,0,1,1,0,0,0,1,0.23735376,0
3942226,UEFA Euro 2024,90,106.6,43.2,13.777,0.5527,1,0,1,0,0,0,0,0.051860645,0
3942226,UEFA Euro 2024,94,98.2,43.0,22.005,0.3565,0,0,1,0,0,1,0,0.026732832,0
3942226,UEFA Euro 2024,96,103.5,24.3,22.776,0.2568,0,0,0,0,0,0,1,0.018918002,0
3942226,UEFA Euro 2024,100,100.7,50.7,22.068,0.3168,0,1,0,0,0,0,1,0.0269288,0
3942226,UEFA Euro 2024,103,96.8,54.8,27.519,0.2453,0,0,0,0,0,0,1,0.022105819,0
3942226,UEFA Euro 2024,105,102.4,36.0,18.049,0.4266,0,1,0,0,0,0,0,0.1075199,0
3942226,UEFA Euro 2024,105,100.3,44.6,20.23,0.3812,0,1,0,0,0,0,0,0.0490711,0
3942226,UEFA Euro 2024,108,104.6,29.1,18.867,0.3477,0,0,0,0,0,1,0,0.045802347,0
3942226,UEFA Euro 2024,111,97.5,44.3,22.907,0.3401,0,0,1,0,0,0,0,0.04228213,0
3942226,UEFA Euro 2024,116,108.4,43.4,12.088,0.6195,1,0,1,0,0,0,0,0.052276906,0
3942226,UEFA Euro 2024,118,112.6,39.2,7.443,0.9836,1,0,0,0,0,0,1,0.20066643,1
3942226,UEFA Euro 2024,121,98.8,45.3,21.852,0.3522,0,1,0,0,0,0,1,0.044950247,0
3942226,UEFA Euro 2024,121,111.5,50.9,13.822,0.3705,0,0,0,1,0,1,0,0.29318613,0
3942226,UEFA Euro 2024,122,110.1,42.4,10.187,0.7341,1,0,0,0,0,0,0,0.08594657,0
3938645,UEFA Euro 2024,6,110.8,30.7,13.082,0.443,0,1,0,0,0,0,0,0.27452216,0
3938645,UEFA Euro 2024,19,91.1,43.1,29.066,0.272,0,0,0,0,0,0,0,0.030924592,0
3938645,UEFA Euro 2024,20,94.9,34.0,25.807,0.2996,0,0,1,0,0,0,0,0.040268533,0
3938645,UEFA Euro 2024,22,94.4,19.7,32.672,0.1924,0,0,1,0,0,0,0,0.008175447,0
3938645,UEFA Euro 2024,25,91.9,51.3,30.287,0.2444,0,0,1,0,0,0,0,0.018024947,0
3938645,UEFA Euro 2024,26,95.9,37.0,24.286,0.3241,0,1,0,0,0,0,0,0.046265554,0
3938645,UEFA Euro 2024,28,111.3,37.0,9.203,0.792,1,0,0,0,0,0,0,0.10216147,0
3938645,UEFA Euro 2024,32,88.1,69.5,43.45,0.1355,0,0,0,0,1,0,1,0.005830124,0
3938645,UEFA Euro 2024,33,104.2,29.9,18.752,0.3602,0,0,1,0,0,0,1,0.04998817,0
3938645,UEFA Euro 2024,43,89.8,17.6,37.601,0.1712,0,0,0,0,1,0,1,0.0074785133,0
3938645,UEFA Euro 2024,45,100.3,24.5,25.067,0.2519,0,0,0,0,0,0,0,0.027014952,0
3938645,UEFA Euro 2024,51,96.3,25.6,27.732,0.2466,0,0,0,0,0,0,0,0.02085355,0
3938645,UEFA Euro 2024,51,98.2,46.6,22.777,0.3339,0,0,1,0,0,0,1,0.03379251,0
3938645,UEFA Euro 2024,54,100.3,45.7,20.508,0.3715,0,0,0,0,0,0,1,0.04610922,0
3938645,UEFA Euro 2024,64,105.3,54.2,20.438,0.2848,0,0,1,0,0,1,0,0.032758437,0
3938645,UEFA Euro 2024,72,102.0,34.5,18.822,0.4025,0,0,0,0,0,0,0,0.06505812,0
3938645,UEFA Euro 2024,72,101.9,39.2,18.118,0.4342,0,0,0,0,0,0,0,0.049519155,0
3938645,UEFA Euro 2024,74,116.1,30.6,10.177,0.3423,0,0,1,0,0,0,1,0.054199155,0
3938645,UEFA Euro 2024,78,108.5,53.2,17.507,0.3067,0,0,0,0,0,0,1,0.0340628,0
3938645,UEFA Euro 2024,82,119.0,79.3,39.313,0.0052,0,0,0,1,0,0,1,0.00018,0
3938645,UEFA Euro 2024,82,112.4,45.3,9.266,0.7162,1,0,0,0,0,0,1,0.06703938,0
3938645,UEFA Euro 2024,84,94.1,50.8,28.062,0.2624,0,0,0,0,0,0,0,0.015305686,0
3938645,UEFA Euro 2024,86,103.2,48.4,18.783,0.3797,0,1,0,0,0,1,0,0.06330791,0
3938645,UEFA Euro 2024,87,97.8,42.7,22.364,0.3516,0,1,0,0,0,0,0,0.06252074,0
3938645,UEFA Euro 2024,90,104.4,44.6,16.264,0.4654,0,0,0,0,0,1,0,0.18075049,0
3938645,UEFA Euro 2024,92,108.7,18.4,24.377,0.1551,0,0,0,0,0,0,0,0.007042983,0
3930184,UEFA Euro 2024,1,99.4,27.2,24.253,0.2804,0,0,1,0,0,0,0,0.031836256,0
3930184,UEFA Euro 2024,6,112.6,21.5,19.925,0.1541,0,0,0,0,0,0,0,0.008673587,0
3930184,UEFA Euro 2024,12,90.5,37.1,29.642,0.267,0,0,0,0,0,0,0,0.026633171,0
3930184,UEFA Euro 2024,14,80.6,30.1,40.625,0.1905,0,1,1,0,0,0,1,0.0066083334,0
3930184,UEFA Euro 2024,16,113.5,37.1,7.118,0.9829,1,0,0,1,0,0,1,0.2578839,0
3930184,UEFA Euro 2024,22,112.5,35.8,8.596,0.8033,0,0,0,0,0,0,1,0.07917333,0
3930184,UEFA Euro 2024,26,111.7,25.6,16.621,0.2498,0,0,1,0,0,0,0,0.033986952,0
3930184,UEFA Euro 2024,26,112.9,36.9,7.747,0.9115,0,1,0,0,0,0,0,0.17483498,0
3930184,UEFA Euro 2024,27,113.2,33.9,9.135,0.6787,1,0,0,0,0,0,1,0.07527008,0
3930184,UEFA Euro 2024,41,114.8,55.0,15.876,0.1744,0,0,1,0,0,0,1,0.011782922,0
3930184,UEFA Euro 2024,42,98.6,58.7,28.419,0.213,0,0,0,0,0,0,1,0.0105593875,0
3930184,UEFA Euro 2024,44,110.3,23.8,18.882,0.2241,0,1,0,0,0,1,0,0.07308208,0
3930184,UEFA Euro 2024,48,98.0,49.4,23.924,0.3064,0,0,1,0,0,0,1,0.03921402,0
3930184,UEFA Euro 2024,45,115.1,50.8,11.86,0.3047,1,0,1,1,0,0,1,0.048628997,0
3930184,UEFA Euro 2024,46,99.6,29.5,22.944,0.3095,0,1,0,0,0,0,1,0.039678648,0
3930184,UEFA Euro 2024,49,99.0,48.6,22.693,0.3248,0,0,0,0,0,0,1,0.03270364,0
3930184,UEFA Euro 2024,50,106.4,37.9,13.761,0.5604,0,1,0,0,0,0,0,0.103175014,0
3930184,UEFA Euro 2024,50,109.4,42.3,10.847,0.6953,0,1,0,0,0,0,0,0.12868324,0
3930184,UEFA Euro 2024,50,98.8,38.1,21.285,0.3702,0,0,0,0,0,0,0,0.04587865,0
3930184,UEFA Euro 2024,50,109.2,26.0,17.682,0.2834,0,1,0,0,0,0,0,0.07116598,1
3930184,UEFA Euro 2024,63,114.8,49.8,11.094,0.3705,1,0,0,0,0,0,1,0.050790045,0
3930184,UEFA Euro 2024,65,116.0,44.0,5.657,1.1071,0,0,0,0,0,0,1,0.55123883,0
3930184,UEFA Euro 2024,65,113.6,46.4,9.051,0.6604,0,1,0,0,0,0,1,0.1198459,1
3930184,UEFA Euro 2024,72,111.8,34.4,9.93,0.6712,0,0,1,0,0,0,1,0.1691182,0
3930184,UEFA Euro 2024,79,111.9,32.5,11.039,0.5493,0,1,0,0,0,0,1,0.10603972,0
3930184,UEFA Euro 2024,79,112.7,34.1,9.386,0.6808,1,0,1,0,0,0,1,0.07450897,0
3930184,UEFA Euro 2024,86,95.4,36.3,24.877,0.3155,0,1,0,0,0,0,0,0.040461615,0
3930184,UEFA Euro 2024,90,98.5,28.7,24.289,0.2912,0,0,0,0,0,0,0,0.026611561,0
3930184,UEFA Euro 2024,91,99.1,45.5,21.612,0.355,0,0,0,0,0,0,1,0.103810854,0
3930184,UEFA Euro 2024,93,105.3,34.5,15.695,0.4721,0,0,0,0,0,1,0,0.08598739,1
3941022,UEFA Euro 2024,0,115.8,39.0,4.317,1.4924,0,1,0,0,0,0,1,0.4581151,1
3941022,UEFA Euro 2024,2,101.4,51.9,22.081,0.3057,0,0,0,0,0,0,0,0.043312646,0
3941022,UEFA Euro 2024,6,115.8,47.4,8.509,0.5373,1,0,0,0,0,0,1,0.12085788,0
3941022,UEFA Euro 2024,11,89.9,35.2,30.48,0.2579,0,0,0,0,1,0,1,0.042849332,0
3941022,UEFA Euro 2024,11,103.8,36.1,16.663,0.4599,0,1,0,0,0,0,1,0.060313236,0
3941022,UEFA Euro 2024,18,59.0,42.3,61.043,0.1308,0,0,1,0,0,0,0,0.0070581385,0
3941022,UEFA Euro 2024,24,115.8,45.8,7.161,0.761,0,0,0,0,0,0,1,0.10399367,0
3941022,UEFA Euro 2024,32,93.9,22.4,31.48,0.211,0,0,0,0,0,0,0,0.00823542,0
3941022,UEFA Euro 2024,45,111.4,45.6,10.263,0.6563,0,1,1,0,0,0,0,0.16866307,0
3941022,UEFA Euro 2024,49,107.7,35.0,13.277,0.5506,1,0,1,0,0,0,0,0.0427339,0
3941022,UEFA Euro 2024,50,110.1,44.6,10.917,0.6547,0,1,1,0,0,0,0,0.29855767,0
3941022,UEFA Euro 2024,52,103.9,38.4,16.179,0.4827,0,0,0,0,0,0,1,0.10591905,0
3941022,UEFA Euro 2024,53,108.2,50.3,15.663,0.3905,0,0,1,0,0,0,1,0.06528039,0
3941022,UEFA Euro 2024,56,109.5,25.2,18.146,0.262,0,0,0,0,0,0,0,0.050657645,0
3941022,UEFA Euro 2024,58,116.9,44.8,5.714,0.9795,1,0,1,0,0,0,1,0.1547648,1
3941022,UEFA Euro 2024,65,113.1,41.9,7.157,1.0029,1,0,0,0,0,0,1,0.11622289,0
3941022,UEFA Euro 2024,65,116.2,36.5,5.166,1.2327,0,1,0,0,0,0,1,0.5777065,1
3941022,UEFA Euro 2024,68,109.4,39.1,10.638,0.7175,1,0,0,1,0,0,0,0.098569036,0
3941022,UEFA Euro 2024,73,96.4,47.7,24.824,0.3047,0,0,1,0,0,0,1,0.024146283,0
3941022,UEFA Euro 2024,74,94.4,51.1,27.903,0.2624,0,0,0,0,0,0,1,0.024710217,0
3941022,UEFA Euro 2024,74,96.7,38.5,23.348,0.3387,0,0,1,0,0,1,0,0.030356593,0
3941022,UEFA Euro 2024,83,99.8,52.9,23.968,0.2817,0,1,0,0,0,0,0,0.02972567,0
3941022,UEFA Euro 2024,83,114.1,37.5,6.408,1.0827,1,0,1,0,0,0,0,0.24289556,0
3941022,UEFA Euro 2024,85,110.5,43.6,10.159,0.7168,1,0,0,0,0,0,1,0.0522076,0
3941022,UEFA Euro 2024,90,112.6,42.5,7.811,0.9207,1,0,0,0,0,0,1,0.101370536,0
3941022,UEFA Euro 2024,93,102.8,35.9,17.682,0.4343,0,0,1,0,0,1,0,0.10791902,0
3941022,UEFA Euro 2024,94,113.9,42.7,6.671,1.0422,1,0,1,1,0,0,0,0.23239474,0
3941021,UEFA Euro 2024,5,95.3,18.1,33.011,0.182,0,0,0,0,0,0,1,0.008267852,0
3941021,UEFA Euro 2024,13,99.0,48.2,22.544,0.3289,0,0,0,0,0,0,0,0.03920482,0
3941021,UEFA Euro 2024,16,111.8,40.0,8.2,0.9077,1,0,1,0,0,0,1,0.07967252,0
3941021,UEFA Euro 2024,17,108.7,35.3,12.238,0.5943,1,0,0,0,0,0,1,0.033201255,0
3941021,UEFA Euro 2024,19,107.5,24.9,19.603,0.2652,0,0,0,0,0,0,1,0.046985872,1
3941021,UEFA Euro 2024,20,96.2,17.6,32.683,0.179,0,0,0,0,0,0,0,0.007178938,0
3941021,UEFA Euro 2024,23,107.9,38.5,12.193,0.6304,0,1,1,0,0,0,0,0.10886951,0
3941021,UEFA Euro 2024,25,101.2,41.1,18.832,0.418,0,0,0,0,0,0,0,0.052920066,0
3941021,UEFA Euro 2024,25,112.9,46.5,9.626,0.6377,1,0,0,0,0,0,1,0.0656883,0
3941021,UEFA Euro 2024,42,119.2,79.2,39.208,0.0042,0,0,0,1,0,0,1,0.00018,0
3941021,UEFA Euro 2024,43,110.1,39.2,9.932,0.7641,0,0,1,0,0,0,0,0.14239058,0
3941021,UEFA Euro 2024,46,99.5,38.3,20.57,0.3829,0,0,0,0,0,0,0,0.056796633,0
3941021,UEFA Euro 2024,49,101.2,41.0,18.827,0.4182,0,0,1,0,0,0,1,0.09582185,0
3941021,UEFA Euro 2024,49,113.0,42.2,7.338,0.9766,1,0,1,0,0,0,1,0.14581987,0
3941021,UEFA Euro 2024,53,110.6,49.7,13.507,0.4243,0,1,0,0,0,0,1,0.22304013,0
3941021,UEFA Euro 2024,53,114.0,38.3,6.236,1.1258,0,0,0,0,0,0,1,0.3079616,0
3941021,UEFA Euro 2024,56,96.4,38.6,23.641,0.3347,0,0,0,0,0,0,0,0.03629456,0
3941021,UEFA Euro 2024,57,109.6,39.8,10.402,0.7341,1,0,0,0,0,0,1,0.06589584,0
3941021,UEFA Euro 2024,58,112.5,27.9,14.236,0.311,0,1,0,0,0,0,0,0.11165685,0
3941021,UEFA Euro 2024,59,104.2,47.5,17.49,0.4112,0,0,0,0,0,0,0,0.05565119,0
3941021,UEFA Euro 2024,61,97.1,47.3,24.035,0.3153,0,0,0,0,0,1,0,0.0472151,0
3941021,UEFA Euro 2024,62,111.4,47.2,11.216,0.5597,1,0,1,0,0,0,1,0.07373578,0
3941021,UEFA Euro 2024,67,94.3,33.1,26.61,0.2888,0,0,0,0,1,0,1,0.061553013,0
3941021,UEFA Euro 2024,72,114.2,28.3,13.059,0.2917,0,0,0,0,0,0,0,0.11710371,0
3941021,UEFA Euro 2024,78,108.3,25.7,18.476,0.2801,0,0,0,0,0,0,0,0.028539894,0
3941021,UEFA Euro 2024,79,106.1,51.7,18.169,0.3403,0,0,1,0,0,1,0,0.062258154,0
3941021,UEFA Euro 2024,82,115.6,36.0,5.946,1.068,0,1,0,0,0,0,1,0.39829126,1
3941021,UEFA Euro 2024,84,112.2,27.4,14.819,0.2974,0,0,0,0,0,0,0,0.070296794,0
3941021,UEFA Euro 2024,92,104.2,33.2,17.201,0.4242,0,0,1,0,0,1,0,0.35144565,1
3941020,UEFA Euro 2024,4,114.4,52.5,13.697,0.2554,0,0,0,0,0,0,1,0.048859816,0
3941020,UEFA Euro 2024,30,111.7,41.6,8.453,0.875,1,0,1,0,0,0,1,0.07103491,0
3941020,UEFA Euro 2024,33,96.9,35.6,23.515,0.3315,0,0,0,0,1,0,1,0.08345447,0
3941020,UEFA Euro 2024,38,105.0,10.5,33.095,0.1107,0,0,0,0,1,0,1,0.0067048697,0
3941020,UEFA Euro 2024,43,89.8,31.3,31.428,0.2437,0,0,0,0,0,0,0,0.03214056,0
3941020,UEFA Euro 2024,44,116.0,29.4,11.33,0.2775,1,0,1,0,0,0,1,0.036003575,0
3941020,UEFA Euro 2024,47,98.7,40.3,21.302,0.3712,0,1,0,0,0,0,0,0.06763536,0
3941020,UEFA Euro 2024,46,105.5,48.4,16.757,0.4129,0,1,0,0,0,0,1,0.061536763,0
3941020,UEFA Euro 2024,48,111.7,25.4,16.794,0.2446,0,1,0,0,0,0,1,0.030757122,0
3941020,UEFA Euro 2024,51,91.9,22.4,33.157,0.2046,0,0,0,0,0,0,1,0.00635036,0
3941020,UEFA Euro 2024,54,95.8,44.3,24.579,0.318,0,0,0,0,1,0,1,0.07588849,0
3941020,UEFA Euro 2024,56,106.5,42.7,13.767,0.5567,0,1,1,0,0,0,0,0.0891514,0
3941020,UEFA Euro 2024,57,100.8,38.4,19.267,0.4081,0,1,0,0,0,0,1,0.052142147,0
3941020,UEFA Euro 2024,58,107.5,45.5,13.657,0.5304,1,0,0,0,0,0,1,0.037417345,0
3941020,UEFA Euro 2024,58,99.4,27.1,24.306,0.2792,0,1,0,0,0,0,1,0.020967843,0
3941020,UEFA Euro 2024,60,104.4,30.4,18.317,0.3724,0,0,0,1,0,1,0,0.25142625,0
3941020,UEFA Euro 2024,71,88.9,37.9,31.171,0.2547,0,0,0,0,1,0,1,0.029365536,0
3941020,UEFA Euro 2024,88,108.9,27.4,16.792,0.3222,0,1,0,0,0,0,0,0.093401864,0
3941020,UEFA Euro 2024,91,86.6,24.3,36.906,0.196,0,0,0,0,0,0,1,0.0052186823,0
3941020,UEFA Euro 2024,94,96.9,33.5,23.997,0.3188,0,0,0,0,0,0,0,0.04497154,0
3941020,UEFA Euro 2024,95,101.4,50.6,21.408,0.3245,0,0,0,0,0,0,1,0.039114628,0
3941020,UEFA Euro 2024,99,112.9,46.6,9.694,0.6296,1,0,1,0,0,0,1,0.07446987,0
3941020,UEFA Euro 2024,107,107.5,47.3,14.475,0.4769,1,0,0,0,0,0,1,0.050350625,0
3941020,UEFA Euro 2024,107,111.3,45.2,10.136,0.6763,1,0,1,0,0,0,1,0.050621446,0
3941020,UEFA Euro 2024,111,95.3,28.0,27.461,0.2616,0,0,0,0,1,0,1,0.045270752,0
3941020,UEFA Euro 2024,114,98.6,32.8,22.579,0.3337,0,0,0,1,0,1,0,0.17587057,0
3941020,UEFA Euro 2024,114,93.7,32.8,27.268,0.2815,0,1,0,0,0,0,0,0.039013498,0
3941020,UEFA Euro 2024,119,107.5,34.4,13.697,0.5276,1,0,1,0,0,0,1,0.022550302,0
3941020,UEFA Euro 2024,119,86.6,41.9,33.454,0.2376,0,1,0,0,0,0,1,0.01152262,0
3941018,UEFA Euro 2024,1,95.1,40.3,24.902,0.3185,0,0,1,0,0,0,0,0.03403919,0
3941018,UEFA Euro 2024,4,109.5,47.0,12.619,0.5304,0,1,0,0,0,0,0,0.2088165,0
3941018,UEFA Euro 2024,5,110.9,32.9,11.542,0.5558,1,0,1,0,0,0,0,0.0355224,0
3941018,UEFA Euro 2024,9,113.4,30.1,11.898,0.398,1,0,0,0,0,0,1,0.047663942,0
3941018,UEFA Euro 2024,10,100.2,33.1,20.968,0.3578,0,0,0,0,0,0,1,0.04628006,0
3941018,UEFA Euro 2024,12,103.6,48.1,18.291,0.3907,0,1,0,0,0,0,1,0.068191275,0
3941018,UEFA Euro 2024,12,109.8,23.8,19.144,0.2287,0,0,0,0,0,0,1,0.02863869,0
3941018,UEFA Euro 2024,15,111.8,34.6,9.818,0.6844,1,0,1,0,0,0,1,0.05098217,0
3941018,UEFA Euro 2024,21,103.7,54.8,22.017,0.2713,0,0,1,0,0,0,0,0.030612372,0
3941018,UEFA Euro 2024,25,87.6,30.5,33.764,0.2266,0,0,0,0,0,0,1,0.016834991,0
3941018,UEFA Euro 2024,26,102.1,31.3,19.902,0.3603,0,0,0,0,0,0,0,0.06233343,0
3941018,UEFA Euro 2024,28,86.4,29.1,35.324,0.2149,0,0,0,0,0,0,1,0.006787614,0
3941018,UEFA Euro 2024,29,99.6,43.4,20.681,0.3774,0,0,0,0,0,0,0,0.050696027,0
3941018,UEFA Euro 2024,30,94.3,48.5,27.069,0.2794,0,0,1,0,0,0,0,0.031005034,0
3941018,UEFA Euro 2024,34,96.3,28.4,26.387,0.2718,0,0,1,0,0,0,0,0.015615603,0
3941018,UEFA Euro 2024,37,113.4,27.4,14.224,0.2761,0,0,0,0,0,0,0,0.042119805,0
3941018,UEFA Euro 2024,38,102.1,36.2,18.299,0.4221,0,0,0,0,0,0,0,0.06652527,1
3941018,UEFA Euro 2024,40,53.8,38.5,66.217,0.1206,0,0,0,0,0,0,0,0.0040819473,0
3941018,UEFA Euro 2024,46,92.7,49.6,28.939,0.2599,0,0,0,0,0,0,1,0.015696,0
3941018,UEFA Euro 2024,45,96.2,46.3,24.62,0.3121,0,1,1,0,0,1,0,0.059734892,0
3941018,UEFA Euro 2024,47,57.4,28.1,63.721,0.1232,0,0,0,0,0,1,0,0.0055915527,0
3941018,UEFA Euro 2024,50,99.6,43.0,20.619,0.3795,0,0,0,0,1,0,1,0.08360341,0
3941018,UEFA Euro 2024,50,115.6,35.6,6.223,0.9976,1,0,0,1,0,0,1,0.29910773,1
3941018,UEFA Euro 2024,52,101.0,47.7,20.501,0.3596,0,0,0,0,0,0,0,0.07618404,0
3941018,UEFA Euro 2024,54,94.8,37.3,25.344,0.3114,0,0,1,0,0,0,0,0.046154205,0
3941018,UEFA Euro 2024,59,95.6,45.7,25.057,0.3088,0,1,0,0,0,0,1,0.030945767,0
3941018,UEFA Euro 2024,60,101.6,49.4,20.662,0.344,0,0,0,0,0,0,0,0.071499854,0
3941018,UEFA Euro 2024,62,104.9,41.5,15.174,0.5134,0,0,1,0,0,0,0,0.075688556,0
3941018,UEFA Euro 2024,67,108.4,23.4,20.251,0.2312,0,0,0,0,0,0,0,0.052708115,0
3941018,UEFA Euro 2024,69,93.3,30.5,28.34,0.265,0,1,0,0,0,0,0,0.024543561,0
3941018,UEFA Euro 2024,74,111.2,29.5,13.7,0.3891,0,0,0,0,0,1,0,0.21495746,1
3941018,UEFA Euro 2024,76,108.3,38.6,11.783,0.6511,0,1,0,0,0,0,0,0.26680577,0
3941018,UEFA Euro 2024,79,114.8,47.3,8.963,0.574,0,0,1,1,0,0,0,0.2859731,0
3941018,UEFA Euro 2024,81,107.6,49.0,15.322,0.4257,0,0,1,0,0,0,0,0.08169625,0
3941018,UEFA Euro 2024,82,102.3,38.5,17.763,0.4416,0,0,0,0,0,0,0,0.1281342,1
3941018,UEFA Euro 2024,89,104.8,29.5,18.474,0.3577,0,0,0,0,0,0,0,0.06438794,0
3941018,UEFA Euro 2024,89,99.5,41.3,20.541,0.384,0,0,0,0,0,0,0,0.053031437,0
3941018,UEFA Euro 2024,91,114.6,50.7,11.985,0.3263,0,1,0,0,0,0,0,0.061232504,0
3941018,UEFA Euro 2024,92,106.0,40.5,14.009,0.556,1,0,0,0,0,0,1,0.033381354,0
3941017,UEFA Euro 2024,3,107.3,35.8,13.376,0.5576,0,1,0,0,0,0,1,0.092393875,0
3941017,UEFA Euro 2024,7,101.0,34.2,19.866,0.3817,0,0,0,0,0,0,1,0.053368397,0
3941017,UEFA Euro 2024,8,102.8,29.9,19.946,0.3459,0,1,1,0,0,0,0,0.08902558,0
3941017,UEFA Euro 2024,11,107.1,32.1,15.127,0.4515,0,0,0,0,0,0,0,0.079396516,0
3941017,UEFA Euro 2024,22,111.7,46.4,10.481,0.6157,1,0,0,0,0,0,0,0.051736627,0
3941017,UEFA Euro 2024,23,97.3,46.8,23.697,0.3213,0,1,0,0,0,0,1,0.030446114,0
3941017,UEFA Euro 2024,24,113.3,44.7,8.184,0.8104,0,0,1,1,0,0,0,0.52801526,1
3941017,UEFA Euro 2024,38,111.3,46.9,11.104,0.5754,1,0,1,0,0,0,1,0.04069054,0
3941017,UEFA Euro 2024,47,97.4,34.3,23.308,0.3303,0,0,0,0,0,0,1,0.043453604,0
3941017,UEFA Euro 2024,47,92.1,46.0,28.538,0.2726,0,0,0,0,0,0,1,0.026043994,0
3941017,UEFA Euro 2024,51,104.9,32.5,16.86,0.4231,0,0,0,0,0,1,0,0.10859543,0
3941017,UEFA Euro 2024,53,62.7,30.6,58.066,0.1358,0,0,0,0,0,0,0,0.028537394,0
3941017,UEFA Euro 2024,58,111.7,40.2,8.302,0.8978,1,0,1,0,0,0,0,0.08132238,0
3941017,UEFA Euro 2024,60,99.1,25.5,25.437,0.259,0,0,0,0,1,0,1,0.054180622,0
3941017,UEFA Euro 2024,77,111.7,39.5,8.315,0.8959,1,0,0,0,0,0,1,0.16138653,0
3941017,UEFA Euro 2024,80,93.5,36.7,26.705,0.2952,0,0,0,0,0,0,0,0.026050739,0
3941017,UEFA Euro 2024,80,107.4,40.0,12.6,0.6148,0,1,0,0,0,0,0,0.12184181,0
3941017,UEFA Euro 2024,86,89.4,45.1,31.022,0.2531,0,0,0,0,0,0,0,0.021908578,0
3941017,UEFA Euro 2024,94,110.1,40.9,9.941,0.7631,0,1,0,0,0,0,1,0.103242844,1
3941017,UEFA Euro 2024,90,96.5,37.6,23.622,0.3339,0,1,0,0,0,0,1,0.028122703,0
3941017,UEFA Euro 2024,90,116.2,42.1,4.342,1.4773,1,0,0,0,0,0,1,0.49724415,1
3941017,UEFA Euro 2024,104,114.9,42.3,5.595,1.212,0,0,0,1,0,0,1,0.5063636,0
3941017,UEFA Euro 2024,106,94.0,56.4,30.74,0.2203,0,0,0,0,0,0,1,0.014195163,0
3941017,UEFA Euro 2024,110,88.8,47.2,32.02,0.2424,0,0,0,0,1,0,1,0.02863606,0
3941017,UEFA Euro 2024,116,115.1,57.3,17.981,0.1269,0,1,1,0,0,0,1,0.008433037,0
3941017,UEFA Euro 2024,118,112.1,35.7,8.994,0.7721,1,0,1,0,0,0,0,0.0678651,0
3941017,UEFA Euro 2024,119,111.9,36.3,8.905,0.7971,1,0,1,0,0,0,0,0.07292546,0
3941017,UEFA Euro 2024,120,99.9,42.1,20.209,0.3889,0,0,0,0,0,0,0,0.123356834,0
3941017,UEFA Euro 2024,120,107.2,40.3,12.804,0.6055,1,0,1,0,0,0,0,0.045808684,0
3930182,UEFA Euro 2024,15,112.0,43.3,8.654,0.827,1,0,0,1,0,0,0,0.18430655,0
3930182,UEFA Euro 2024,20,94.6,37.4,25.533,0.3093,0,1,0,0,0,0,0,0.05411584,0
3930182,UEFA Euro 2024,21,108.8,22.8,20.525,0.2176,0,1,0,0,0,0,1,0.012576064,0
3930182,UEFA Euro 2024,28,110.4,40.1,9.601,0.7895,1,0,1,0,0,0,1,0.061910562,0
3930182,UEFA Euro 2024,31,104.1,55.1,21.928,0.2671,0,0,0,0,0,0,1,0.04584343,0
3930182,UEFA Euro 2024,38,103.5,39.6,16.505,0.4754,0,1,0,0,0,0,1,0.10859825,0
3930182,UEFA Euro 2024,50,105.4,55.7,21.439,0.2574,0,0,0,0,0,0,1,0.03971446,0
3930182,UEFA Euro 2024,59,91.2,33.8,29.46,0.2641,0,1,0,0,0,0,0,0.020697463,0
3930182,UEFA Euro 2024,61,91.8,48.8,29.541,0.2575,0,1,0,0,0,0,0,0.021786047,0
3930182,UEFA Euro 2024,64,110.1,37.1,10.316,0.7193,1,0,0,0,0,0,1,0.045023,0
3930182,UEFA Euro 2024,66,89.0,29.3,32.795,0.2299,0,0,0,0,0,0,0,0.01887132,0
3930182,UEFA Euro 2024,80,107.4,23.8,20.523,0.2438,0,1,0,0,0,0,1,0.031952977,0
3930182,UEFA Euro 2024,82,110.9,34.6,10.582,0.649,1,0,1,0,0,0,0,0.06519839,0
3930182,UEFA Euro 2024,88,106.9,46.4,14.58,0.4898,1,0,0,0,0,0,1,0.060776833,0
3930182,UEFA Euro 2024,91,101.3,42.6,18.88,0.414,0,1,0,0,0,0,1,0.10460368,0
3930179,UEFA Euro 2024,11,107.3,33.1,14.453,0.4848,1,0,0,0,0,0,0,0.025040166,0
3930179,UEFA Euro 2024,11,107.6,38.7,12.468,0.6183,1,0,0,0,0,0,1,0.060585164,0
3930179,UEFA Euro 2024,12,107.5,53.5,18.398,0.3007,0,1,1,0,0,0,0,0.10358183,1
3930179,UEFA Euro 2024,20,96.3,57.9,29.7,0.2155,0,0,0,0,0,0,0,0.0103651,0
3930179,UEFA Euro 2024,25,109.7,40.6,10.317,0.7389,1,0,1,0,0,0,1,0.046571102,0
3930179,UEFA Euro 2024,35,113.0,47.4,10.186,0.568,0,0,0,0,0,0,1,0.10403911,0
3930179,UEFA Euro 2024,40,109.6,50.2,14.567,0.4011,1,0,0,0,0,0,1,0.030360926,0
3930179,UEFA Euro 2024,43,107.1,33.1,14.629,0.4804,0,1,0,0,0,0,1,0.100341134,0
3930179,UEFA Euro 2024,44,95.6,37.2,24.56,0.3209,0,0,1,0,0,0,0,0.027896741,0
3930179,UEFA Euro 2024,45,104.0,24.3,22.416,0.2573,0,0,0,0,0,0,0,0.014968767,0
3930179,UEFA Euro 2024,46,110.4,36.2,10.325,0.7031,0,1,0,0,0,0,0,0.06717369,0
3930179,UEFA Euro 2024,47,108.6,44.8,12.369,0.5873,0,1,0,0,0,1,0,0.18723619,0
3930179,UEFA Euro 2024,49,96.6,33.2,24.368,0.3133,0,1,0,0,0,0,0,0.044980317,0
3930179,UEFA Euro 2024,49,61.0,43.8,59.122,0.1348,0,0,0,0,0,0,0,0.006101164,0
3930179,UEFA Euro 2024,63,105.7,48.1,16.435,0.423,0,1,0,0,0,0,1,0.117052965,0
3930179,UEFA Euro 2024,64,95.7,31.3,25.81,0.2905,0,0,0,0,0,0,1,0.030892402,0
3930179,UEFA Euro 2024,68,96.6,62.0,32.118,0.1823,0,0,1,0,0,0,0,0.008626999,0
3930179,UEFA Euro 2024,75,95.9,60.5,31.64,0.1933,0,1,1,0,0,0,0,0.008684722,0
3930179,UEFA Euro 2024,76,97.4,48.1,24.008,0.3121,0,0,1,0,0,0,0,0.02939205,0
3930179,UEFA Euro 2024,76,98.4,23.9,26.94,0.2388,0,0,0,0,0,0,0,0.025797911,0
3930179,UEFA Euro 2024,77,94.4,46.8,26.488,0.2903,0,0,0,0,0,0,0,0.03180046,0
3930179,UEFA Euro 2024,78,107.7,27.1,17.824,0.3153,0,0,0,0,0,0,0,0.06142092,0
3930179,UEFA Euro 2024,79,113.8,35.1,7.903,0.8182,1,0,1,0,0,0,1,0.09585059,0
3930179,UEFA Euro 2024,83,111.0,26.6,16.142,0.2863,0,0,0,0,0,0,0,0.05797654,0
3930179,UEFA Euro 2024,91,109.2,44.2,11.588,0.6309,1,0,1,0,0,0,1,0.04627785,0
3930179,UEFA Euro 2024,91,108.8,40.8,11.229,0.6832,0,0,1,0,0,0,1,0.111852095,0
3940983,UEFA Euro 2024,6,91.2,49.7,30.39,0.2486,0,0,0,0,0,0,0,0.024539126,0
3940983,UEFA Euro 2024,6,110.3,32.0,12.573,0.4999,1,0,1,0,0,0,1,0.029666193,0
3940983,UEFA Euro 2024,9,107.1,28.1,17.55,0.3397,0,1,0,0,0,0,1,0.07374886,0
3940983,UEFA Euro 2024,10,110.5,37.7,9.774,0.7626,1,0,0,0,0,0,1,0.054684527,0
3940983,UEFA Euro 2024,12,90.2,42.2,29.881,0.2655,0,0,1,0,0,0,1,0.024523731,0
3940983,UEFA Euro 2024,15,92.3,36.2,27.959,0.2817,0,0,0,0,1,0,1,0.056089107,0
3940983,UEFA Euro 2024,20,101.0,40.2,19.001,0.4149,0,0,0,0,0,0,0,0.12234442,0
3940983,UEFA Euro 2024,23,112.5,27.4,14.663,0.2928,0,0,1,0,0,0,1,0.092478566,0
3940983,UEFA Euro 2024,30,100.8,38.0,19.304,0.4067,0,0,0,0,1,0,1,0.08993592,0
3940983,UEFA Euro 2024,32,105.9,20.0,24.471,0.1912,0,0,0,0,0,0,0,0.008721689,0
3940983,UEFA Euro 2024,41,111.5,39.7,8.505,0.8789,1,0,1,0,0,0,1,0.13610949,0
3940983,UEFA Euro 2024,41,112.3,31.4,11.543,0.4837,1,0,1,0,0,0,1,0.039883997,0
3940983,UEFA Euro 2024,46,115.0,51.7,12.724,0.2676,0,0,0,1,0,0,1,0.061353974,0
3940983,UEFA Euro 2024,49,108.2,37.4,12.083,0.6281,0,1,0,0,0,0,0,0.48120555,0
3940983,UEFA Euro 2024,58,108.9,31.0,14.29,0.4408,0,0,0,1,0,0,0,0.42521873,0
3940983,UEFA Euro 2024,65,105.6,30.8,17.088,0.3954,0,0,1,0,0,0,0,0.059370115,0
3940983,UEFA Euro 2024,67,110.2,28.9,14.807,0.3681,0,0,0,1,0,0,0,0.25639373,1
3940983,UEFA Euro 2024,76,114.2,33.2,8.938,0.6282,1,0,0,0,0,0,1,0.0607214,0
3940983,UEFA Euro 2024,78,48.1,47.9,72.333,0.1098,0,1,1,0,0,0,0,0.0027235784,0
3940983,UEFA Euro 2024,82,94.3,43.0,25.875,0.3048,0,1,0,0,0,0,0,0.03581329,0
3940983,UEFA Euro 2024,88,97.7,22.4,28.409,0.2218,0,0,0,0,0,0,0,0.018572439,0
3940983,UEFA Euro 2024,89,101.4,45.0,19.26,0.3969,0,0,1,0,0,0,0,0.11136572,0
3940983,UEFA Euro 2024,93,106.8,42.2,13.382,0.5746,0,1,0,0,0,0,1,0.061550424,0
3940983,UEFA Euro 2024,94,106.6,29.6,16.962,0.3758,0,0,1,0,0,1,0,0.18960205,0
3940878,UEFA Euro 2024,11,108.4,51.9,16.618,0.3426,0,1,1,0,0,0,0,0.04959083,0
3940878,UEFA Euro 2024,23,106.4,30.3,16.705,0.3922,0,1,0,0,0,0,0,0.19980636,0
3940878,UEFA Euro 2024,23,108.0,50.3,15.814,0.3892,0,0,0,0,0,0,0,0.037947614,0
3940878,UEFA Euro 2024,23,94.4,42.5,25.722,0.3072,0,0,0,0,0,0,0,0.029872663,0
3940878,UEFA Euro 2024,25,93.7,36.4,26.545,0.2965,0,0,0,0,0,0,0,0.028032592,0
3940878,UEFA Euro 2024,25,109.2,27.3,16.671,0.3186,0,0,1,0,0,0,0,0.060102012,0
3940878,UEFA Euro 2024,27,108.7,53.7,17.759,0.2933,0,0,0,0,0,0,0,0.03514188,0
3940878,UEFA Euro 2024,30,108.1,55.0,19.147,0.2651,0,0,0,0,0,0,0,0.017792227,0
3940878,UEFA Euro 2024,31,91.6,25.6,31.842,0.2239,0,0,0,0,0,0,0,0.014435371,0
3940878,UEFA Euro 2024,36,111.1,34.4,10.515,0.6453,0,0,0,0,0,0,1,0.14406602,1
3940878,UEFA Euro 2024,45,100.0,66.4,33.12,0.1469,0,0,0,0,1,0,1,0.008087687,0
3940878,UEFA Euro 2024,45,103.5,25.6,21.9,0.2774,0,0,0,0,0,0,0,0.044832002,1
3940878,UEFA Euro 2024,51,116.2,51.2,11.827,0.2406,0,1,1,0,0,0,0,0.046473652,0
3940878,UEFA Euro 2024,52,95.3,39.3,24.71,0.3209,0,0,0,0,0,0,1,0.026729954,0
3940878,UEFA Euro 2024,54,91.6,28.4,30.678,0.2408,0,0,0,0,0,0,0,0.023338681,0
3940878,UEFA Euro 2024,55,90.0,45.3,30.465,0.2573,0,0,0,0,0,0,0,0.021880716,0
3940878,UEFA Euro 2024,58,94.9,52.6,28.085,0.2542,0,0,0,0,0,0,1,0.026606286,0
3940878,UEFA Euro 2024,64,100.3,30.0,22.093,0.3222,0,0,0,0,0,0,0,0.0407081,0
3940878,UEFA Euro 2024,72,99.1,44.7,21.422,0.361,0,0,0,0,0,0,1,0.0671122,0
3940878,UEFA Euro 2024,73,109.4,41.6,10.72,0.7087,1,0,0,1,0,0,1,0.11148876,0
3940878,UEFA Euro 2024,73,116.9,34.1,6.665,0.7175,0,1,0,0,0,0,1,0.3101263,0
3940878,UEFA Euro 2024,73,91.4,28.3,30.901,0.239,0,0,0,0,0,0,0,0.018499942,0
3940878,UEFA Euro 2024,75,97.5,43.0,22.699,0.346,0,1,0,0,0,0,1,0.032929283,0
3940878,UEFA Euro 2024,78,98.7,40.3,21.302,0.3712,0,1,0,0,0,0,1,0.037396807,0
3940878,UEFA Euro 2024,82,114.8,26.8,14.187,0.2209,0,1,0,0,0,0,0,0.044701636,0
3940878,UEFA Euro 2024,84,93.0,29.9,28.827,0.2591,0,0,0,0,0,0,0,0.021618782,0
3940878,UEFA Euro 2024,90,103.4,63.1,28.446,0.1659,0,0,1,0,0,0,0,0.008696314,0
3930177,UEFA Euro 2024,7,89.7,52.3,32.701,0.2262,0,0,0,0,0,0,0,0.015725836,0
3930177,UEFA Euro 2024,31,88.7,42.2,31.377,0.253,0,0,0,0,1,0,1,0.025828812,0
3930177,UEFA Euro 2024,34,94.0,53.7,29.389,0.2406,0,0,0,0,0,0,1,0.019044949,0
3930177,UEFA Euro 2024,40,116.5,32.3,8.458,0.467,1,0,1,1,0,0,1,0.14024208,0
3930177,UEFA Euro 2024,45,94.9,41.6,25.151,0.3148,0,0,1,0,0,1,0,0.043323457,0
3930177,UEFA Euro 2024,48,104.9,32.0,17.088,0.4125,0,1,0,0,0,0,1,0.05792367,0
3930177,UEFA Euro 2024,52,96.1,25.7,27.851,0.2466,0,0,0,0,0,0,1,0.020522645,0
3930177,UEFA Euro 2024,55,104.1,28.3,19.741,0.3281,0,0,0,0,0,1,0,0.038458098,0
3930177,UEFA Euro 2024,63,110.5,43.0,9.962,0.7399,1,0,1,0,0,0,1,0.05713405,0
3930177,UEFA Euro 2024,89,103.9,55.7,22.488,0.2572,0,0,0,0,0,0,1,0.0365714,0
3930177,UEFA Euro 2024,89,97.0,44.5,23.436,0.3323,0,1,0,0,0,0,1,0.029436294,0
3930177,UEFA Euro 2024,90,111.0,54.9,17.407,0.2458,0,0,0,0,0,0,0,0.06067144,0
3930177,UEFA Euro 2024,91,113.8,51.1,12.714,0.3282,0,0,0,1,0,0,1,0.18480031,0
3930177,UEFA Euro 2024,93,95.1,32.3,26.063,0.2917,0,0,0,0,0,0,1,0.026212929,0
3930177,UEFA Euro 2024,96,93.3,29.7,28.618,0.26,0,0,0,0,0,0,1,0.028947517,0
3930177,UEFA Euro 2024,97,105.4,30.9,17.204,0.3952,0,0,1,0,0,0,0,0.05578008,0
3930177,UEFA Euro 2024,99,110.3,39.8,9.702,0.782,0,0,1,0,0,0,1,0.0810196,0
3930177,UEFA Euro 2024,99,107.2,36.6,13.244,0.571,0,1,0,0,0,0,0,0.26290518,1
3930173,UEFA Euro 2024,0,108.6,53.7,17.823,0.2936,0,0,1,1,0,0,0,0.09676152,0
3930173,UEFA Euro 2024,3,95.1,22.1,30.666,0.2122,0,0,0,0,0,0,0,0.0084621785,0
3930173,UEFA Euro 2024,13,107.7,37.5,12.551,0.6075,0,1,1,0,0,0,0,0.09589434,0
3930173,UEFA Euro 2024,15,99.8,29.6,22.72,0.3125,0,0,0,0,0,0,1,0.049663115,0
3930173,UEFA Euro 2024,27,92.8,30.8,28.714,0.2629,0,0,1,0,0,0,0,0.024566133,0
3930173,UEFA Euro 2024,27,109.8,55.4,18.472,0.2458,0,1,0,0,0,0,0,0.057095893,0
3930173,UEFA Euro 2024,34,105.9,50.3,17.461,0.3722,0,0,0,0,0,0,0,0.07304683,0
3930173,UEFA Euro 2024,35,94.8,31.5,26.595,0.2838,0,0,0,0,0,0,0,0.033340927,0
3930173,UEFA Euro 2024,40,99.3,55.2,25.681,0.2519,0,0,0,0,1,0,1,0.043873254,0
3930173,UEFA Euro 2024,42,107.6,35.3,13.261,0.5554,1,0,0,0,0,0,1,0.067954645,0
3930173,UEFA Euro 2024,50,98.5,45.2,22.12,0.3486,0,0,0,0,0,0,1,0.048582327,0
3930173,UEFA Euro 2024,51,94.8,56.3,30.012,0.224,0,0,1,0,0,0,1,0.020307582,0
3930173,UEFA Euro 2024,54,92.3,33.5,28.452,0.2723,0,0,0,0,1,0,1,0.053838786,0
3930173,UEFA Euro 2024,56,110.5,38.1,9.688,0.7733,0,1,1,0,0,0,1,0.19072829,0
3930173,UEFA Euro 2024,58,91.3,33.0,29.541,0.2619,0,0,1,0,0,0,0,0.020245472,0
3930173,UEFA Euro 2024,59,98.8,41.7,21.268,0.3707,0,0,0,0,0,0,1,0.07412944,0
3930173,UEFA Euro 2024,62,109.8,41.1,10.259,0.7407,1,0,1,0,0,0,1,0.06818111,0
3930173,UEFA Euro 2024,64,113.8,43.8,7.272,0.9314,0,0,0,0,0,0,0,0.38357785,0
3930173,UEFA Euro 2024,65,96.6,20.8,30.269,0.205,0,0,0,0,0,0,1,0.009652127,0
3930173,UEFA Euro 2024,67,102.5,50.5,20.408,0.3363,0,0,0,0,0,0,0,0.05260031,0
3930173,UEFA Euro 2024,68,110.3,32.8,12.08,0.5384,0,0,1,0,0,0,0,0.27552643,0
3930173,UEFA Euro 2024,68,103.9,36.2,16.542,0.4636,0,1,0,0,0,0,0,0.106497265,0
3930173,UEFA Euro 2024,78,106.8,38.5,13.285,0.582,1,0,1,0,0,0,1,0.024942296,0
3930173,UEFA Euro 2024,90,107.0,50.6,16.774,0.3735,0,0,0,0,0,0,1,0.07711755,0
3930172,UEFA Euro 2024,1,113.1,39.3,6.935,1.0441,1,0,0,0,0,0,0,0.20873496,0
3930172,UEFA Euro 2024,9,112.6,43.2,8.062,0.8794,1,0,0,0,0,0,1,0.16577838,0
3930172,UEFA Euro 2024,14,101.1,29.8,21.477,0.3274,0,0,1,0,0,0,0,0.045866285,0
3930172,UEFA Euro 2024,23,115.3,49.5,10.599,0.3721,0,0,1,0,0,0,1,0.0889132,0
3930172,UEFA Euro 2024,24,88.6,42.3,31.484,0.2521,0,0,0,0,0,0,0,0.020980582,0
3930172,UEFA Euro 2024,26,83.3,37.9,36.76,0.2164,0,0,0,0,0,0,0,0.0063212407,0
3930172,UEFA Euro 2024,27,99.7,38.8,20.335,0.3878,0,1,0,0,0,0,0,0.06796482,0
3930172,UEFA Euro 2024,36,93.4,47.8,27.72,0.2756,0,0,1,0,0,0,1,0.018837484,0
3930172,UEFA Euro 2024,40,94.8,46.2,25.951,0.2975,0,1,0,0,0,0,1,0.05605037,0
3930172,UEFA Euro 2024,45,103.2,57.2,24.043,0.2347,0,0,0,0,0,0,0,0.028738793,0
3930172,UEFA Euro 2024,51,110.9,35.1,10.335,0.6757,0,1,0,0,0,0,0,0.22276898,0
3930172,UEFA Euro 2024,52,92.3,35.6,28.047,0.28,0,0,0,0,0,0,0,0.031200469,0
3930172,UEFA Euro 2024,54,113.8,27.3,14.133,0.2637,1,0,0,0,0,0,0,0.043265585,0
3930172,UEFA Euro 2024,57,93.0,33.9,27.68,0.2803,0,0,0,0,0,0,1,0.039537966,0
3930172,UEFA Euro 2024,57,113.0,44.1,8.112,0.8438,1,0,1,0,0,0,1,0.07005949,0
3930172,UEFA Euro 2024,59,97.3,55.7,27.6,0.2389,0,0,0,0,0,0,1,0.022184672,0
3930172,UEFA Euro 2024,69,103.5,21.2,25.014,0.2132,0,0,1,0,0,0,0,0.0101199495,0
3930172,UEFA Euro 2024,73,94.5,25.7,29.236,0.2386,0,0,0,0,1,0,1,0.041307483,0
3930172,UEFA Euro 2024,80,109.9,29.1,14.86,0.3757,0,0,0,0,0,0,0,0.081019565,0
3930172,UEFA Euro 2024,80,113.5,46.0,8.846,0.6959,1,0,1,0,0,0,1,0.09134299,0
3930172,UEFA Euro 2024,85,115.1,31.7,9.638,0.4714,0,1,1,0,0,0,1,0.04522397,0
3930172,UEFA Euro 2024,90,112.0,24.5,17.443,0.2185,0,0,1,0,0,0,0,0.030097554,0
3930172,UEFA Euro 2024,91,106.6,29.2,17.21,0.3654,0,0,1,1,0,0,1,0.21283588,0
3930172,UEFA Euro 2024,96,102.5,30.0,20.156,0.3444,0,1,0,0,0,0,1,0.028129116,0
3930167,UEFA Euro 2024,10,111.4,42.7,9.014,0.8119,1,0,0,0,0,0,0,0.15271324,1
3930167,UEFA Euro 2024,14,106.7,25.1,19.972,0.271,0,0,0,0,0,0,1,0.042951755,0
3930167,UEFA Euro 2024,15,97.8,46.2,23.05,0.3319,0,1,0,0,0,0,1,0.026227653,0
3930167,UEFA Euro 2024,19,94.7,32.2,26.475,0.2873,0,0,0,0,0,0,0,0.02367818,0
3930167,UEFA Euro 2024,19,101.7,54.2,23.163,0.2742,0,0,0,0,0,0,0,0.037039116,0
3930167,UEFA Euro 2024,25,111.9,40.4,8.11,0.9158,1,0,1,1,0,0,1,0.15187249,0
3930167,UEFA Euro 2024,28,102.8,44.5,17.779,0.4299,0,1,0,0,0,0,0,0.07158221,0
3930167,UEFA Euro 2024,30,106.4,34.7,14.596,0.5045,0,1,0,0,0,1,0,0.4143787,0
3930167,UEFA Euro 2024,37,87.8,29.0,34.027,0.2219,0,0,0,0,0,0,0,0.012439796,0
3930167,UEFA Euro 2024,42,109.1,43.0,11.305,0.6624,1,0,1,0,0,0,1,0.053446807,0
3930167,UEFA Euro 2024,45,92.7,55.5,31.393,0.2216,0,0,0,0,0,0,0,0.013309195,0
3930167,UEFA Euro 2024,45,109.1,39.2,10.929,0.7004,1,0,0,0,0,0,0,0.11167682,0
3930167,UEFA Euro 2024,46,111.9,35.4,9.315,0.7414,1,0,1,0,0,0,1,0.053682253,0
3930167,UEFA Euro 2024,49,106.9,52.1,17.833,0.334,0,0,0,0,0,0,1,0.05831094,0
3930167,UEFA Euro 2024,50,114.6,45.6,7.779,0.7704,1,0,1,0,0,0,1,0.09518195,0
3930167,UEFA Euro 2024,52,96.8,31.1,24.849,0.2993,0,0,0,0,0,0,0,0.034642614,0
3930167,UEFA Euro 2024,53,111.2,47.0,11.245,0.5675,1,0,1,0,0,0,0,0.08055008,0
3930167,UEFA Euro 2024,56,112.5,39.2,7.543,0.9726,1,0,1,0,0,0,1,0.14854461,0
3930167,UEFA Euro 2024,57,117.2,36.5,4.482,1.3902,1,0,0,0,0,0,1,0.27776286,0
3930167,UEFA Euro 2024,58,95.5,50.4,26.616,0.2759,0,1,1,0,0,0,0,0.027270537,0
3930167,UEFA Euro 2024,60,93.8,28.3,28.694,0.254,0,0,0,0,0,0,0,0.019084653,0
3930167,UEFA Euro 2024,62,97.9,33.3,23.093,0.3293,0,0,1,0,0,0,1,0.047146343,0
3930167,UEFA Euro 2024,66,102.5,50.5,20.408,0.3363,0,0,0,0,0,1,0,0.067161754,0
3930167,UEFA Euro 2024,68,113.6,43.1,7.111,0.9769,1,0,1,0,0,0,0,0.103066094,0
3930167,UEFA Euro 2024,72,92.4,34.4,28.162,0.2768,0,0,0,0,0,0,0,0.03424818,0
3930167,UEFA Euro 2024,73,107.3,33.5,14.267,0.4965,0,0,1,0,0,0,0,0.17964375,1
3930167,UEFA Euro 2024,75,111.7,38.8,8.386,0.885,0,1,0,0,0,0,0,0.23861712,0
3930167,UEFA Euro 2024,79,105.9,35.7,14.741,0.5108,0,0,1,0,0,0,1,0.11424082,0
3930167,UEFA Euro 2024,87,95.3,47.0,25.673,0.2981,0,0,0,0,0,0,1,0.047361944,0
3930167,UEFA Euro 2024,88,112.1,23.1,18.655,0.1881,0,0,1,0,0,0,0,0.018151348,0
3930167,UEFA Euro 2024,89,96.3,46.2,24.498,0.3139,0,0,0,0,0,0,0,0.03468018,0
3930167,UEFA Euro 2024,92,110.2,36.4,10.44,0.7004,0,1,0,0,0,0,0,0.13273408,0
3930167,UEFA Euro 2024,94,108.0,40.2,12.002,0.6434,0,1,0,0,0,0,1,0.11446814,1
3930167,UEFA Euro 2024,96,99.3,39.6,20.704,0.3816,0,1,0,0,0,0,0,0.062581755,0
3930167,UEFA Euro 2024,98,103.2,30.4,19.349,0.3588,0,0,0,0,0,0,0,0.08401197,0
3930168,UEFA Euro 2024,0,113.3,35.8,7.908,0.8559,0,1,0,0,0,0,0,0.43428022,0
3930168,UEFA Euro 2024,4,101.1,50.7,21.719,0.3204,0,0,0,0,0,0,0,0.0723028,0
3930168,UEFA Euro 2024,5,109.3,54.7,18.182,0.2657,0,1,0,0,0,0,1,0.042028096,0
3930168,UEFA Euro 2024,10,114.9,48.7,10.085,0.4443,0,0,0,0,0,0,1,0.17632313,0
3930168,UEFA Euro 2024,11,109.2,48.8,13.931,0.4517,0,1,0,0,0,0,1,0.058733784,0
3930168,UEFA Euro 2024,14,101.3,38.3,18.777,0.4182,0,0,0,0,0,0,0,0.060010985,0
3930168,UEFA Euro 2024,21,111.1,36.9,9.424,0.7742,0,0,1,0,0,0,0,0.17679916,1
3930168,UEFA Euro 2024,25,95.7,21.5,30.541,0.209,0,0,0,0,1,0,1,0.011125852,0
3930168,UEFA Euro 2024,25,120.0,34.2,5.8,0.0,0,1,0,0,0,0,1,0.016573403,0
3930168,UEFA Euro 2024,26,103.4,42.8,16.834,0.461,0,0,0,0,0,0,1,0.07659019,0
3930168,UEFA Euro 2024,28,107.1,32.0,15.179,0.4486,0,0,0,0,0,0,0,0.062200293,0
3930168,UEFA Euro 2024,29,99.3,51.3,23.583,0.2975,0,1,0,0,0,0,1,0.02690711,0
3930168,UEFA Euro 2024,36,98.4,43.3,21.851,0.3583,0,1,0,0,0,0,1,0.035652474,0
3930168,UEFA Euro 2024,41,97.9,58.4,28.757,0.2147,0,0,1,0,0,0,1,0.009146902,0
3930168,UEFA Euro 2024,43,102.8,49.0,19.412,0.3643,0,0,1,0,0,0,0,0.057380453,0
3930168,UEFA Euro 2024,45,90.2,56.9,34.259,0.2031,0,0,0,0,0,0,0,0.007015708,0
3930168,UEFA Euro 2024,54,99.5,44.2,20.926,0.3708,0,1,0,0,0,0,0,0.05673947,0
3930168,UEFA Euro 2024,57,100.1,56.9,26.108,0.2348,0,0,0,0,0,0,1,0.016451184,0
3930168,UEFA Euro 2024,57,107.7,39.4,12.315,0.6276,0,1,1,0,0,0,1,0.08636546,0
3930168,UEFA Euro 2024,59,113.5,42.2,6.862,1.0319,1,0,0,0,0,0,0,0.18803331,0
3930168,UEFA Euro 2024,61,96.7,35.8,23.676,0.3298,0,0,0,0,0,0,0,0.0370909,0
3930168,UEFA Euro 2024,66,107.9,35.3,12.981,0.5656,0,1,0,0,0,0,1,0.2238691,1
3930168,UEFA Euro 2024,68,112.0,56.5,18.337,0.1972,0,0,0,0,0,0,0,0.015231439,0
3930168,UEFA Euro 2024,73,107.3,48.4,15.227,0.4399,0,0,0,0,0,0,0,0.11168318,0
3930168,UEFA Euro 2024,74,98.8,47.3,22.422,0.3353,0,0,0,0,0,0,0,0.03144114,0
3930168,UEFA Euro 2024,76,88.7,42.1,31.37,0.2531,0,0,0,0,1,0,1,0.02867941,0
3930168,UEFA Euro 2024,80,111.4,24.3,17.901,0.2222,0,0,0,0,0,0,0,0.027013024,0
3930168,UEFA Euro 2024,86,113.5,40.6,6.528,1.0978,1,0,1,0,0,0,1,0.2278667,0
3930168,UEFA Euro 2024,87,106.4,51.1,17.555,0.3565,0,0,0,0,0,1,0,0.05413388,0
3930168,UEFA Euro 2024,89,112.1,38.3,8.081,0.9083,0,1,0,0,0,0,1,0.2840574,0
3930165,UEFA Euro 2024,7,109.4,25.8,17.72,0.2772,0,0,1,0,0,0,1,0.08037747,0
3930165,UEFA Euro 2024,12,115.5,26.8,13.946,0.199,0,1,0,0,0,0,1,0.020863526,0
3930165,UEFA Euro 2024,18,103.8,52.8,20.647,0.306,0,0,1,0,0,1,0,0.054649312,0
3930165,UEFA Euro 2024,18,115.3,47.9,9.192,0.502,1,0,1,0,0,0,1,0.06899431,0
3930165,UEFA Euro 2024,32,103.5,28.8,19.942,0.333,0,0,0,0,0,0,0,0.048833035,0
3930165,UEFA Euro 2024,35,111.3,38.4,8.846,0.8411,0,1,0,0,0,0,0,0.47129205,0
3930165,UEFA Euro 2024,41,108.8,36.7,11.676,0.64,1,0,0,0,0,0,1,0.037411693,0
3930165,UEFA Euro 2024,47,95.2,54.1,28.528,0.2437,0,0,0,0,0,0,1,0.021681927,0
3930165,UEFA Euro 2024,54,103.9,37.9,16.236,0.4796,0,0,1,0,0,1,0,0.40426746,0
3930165,UEFA Euro 2024,63,101.6,58.4,26.022,0.2191,0,0,0,0,0,0,1,0.01604397,0
3930165,UEFA Euro 2024,65,114.1,41.1,6.002,1.1696,0,1,0,0,0,0,0,0.6972375,0
3930165,UEFA Euro 2024,65,106.4,48.3,15.933,0.429,0,1,0,0,0,0,0,0.07075118,0
3930165,UEFA Euro 2024,66,111.7,52.9,15.339,0.294,0,1,0,0,0,0,0,0.07894939,0
3930165,UEFA Euro 2024,72,103.4,28.8,20.025,0.3322,0,0,0,0,0,0,1,0.04839009,0
3930165,UEFA Euro 2024,77,113.9,50.8,12.404,0.3402,0,1,0,0,0,0,1,0.1976641,0
3930165,UEFA Euro 2024,82,108.1,33.2,13.706,0.5059,0,1,1,0,0,0,0,0.19990508,0
3930165,UEFA Euro 2024,84,111.9,40.2,8.102,0.917,1,0,1,0,0,0,1,0.080690145,0
3930165,UEFA Euro 2024,91,111.8,53.1,15.455,0.2863,1,0,1,0,0,0,1,0.020267555,0
3930165,UEFA Euro 2024,94,101.2,26.4,23.203,0.2803,0,0,0,0,0,0,1,0.034579307,0
3930164,UEFA Euro 2024,2,107.4,41.5,12.689,0.6074,0,1,0,0,0,0,0,0.14977165,0
3930164,UEFA Euro 2024,2,114.4,38.1,5.914,1.1702,0,0,1,1,0,0,0,0.54738164,0
3930164,UEFA Euro 2024,6,105.4,32.4,16.46,0.4296,0,1,0,0,0,0,0,0.16258486,0
3930164,UEFA Euro 2024,6,116.3,28.9,11.7,0.2401,0,1,0,0,0,0,0,0.06667144,1
3930164,UEFA Euro 2024,15,106.4,57.6,22.242,0.2235,0,0,1,0,0,0,0,0.027797548,0
3930164,UEFA Euro 2024,20,91.7,24.9,32.076,0.2199,0,0,0,0,0,0,0,0.028659014,0
3930164,UEFA Euro 2024,22,102.7,49.3,19.641,0.3581,0,0,1,0,0,0,0,0.04691546,0
3930164,UEFA Euro 2024,30,99.8,38.5,20.256,0.389,0,0,0,0,0,0,1,0.064620696,0
3930164,UEFA Euro 2024,31,99.4,31.0,22.48,0.3248,0,0,1,0,0,0,0,0.039659355,0
3930164,UEFA Euro 2024,35,112.7,41.8,7.519,0.9641,1,0,1,0,0,0,1,0.11087667,0
3930164,UEFA Euro 2024,39,103.8,38.0,16.323,0.4775,0,1,0,0,0,0,0,0.100932,0
3930164,UEFA Euro 2024,47,115.7,49.2,10.155,0.376,1,0,0,0,0,0,1,0.06432098,0
3930164,UEFA Euro 2024,46,100.0,24.7,25.181,0.2533,0,0,0,0,0,0,0,0.02820586,0
3930164,UEFA Euro 2024,51,79.8,40.3,40.201,0.1983,0,0,0,0,0,0,1,0.0061508114,0
3930164,UEFA Euro 2024,54,110.7,53.2,16.147,0.2951,0,0,0,0,0,0,1,0.09231648,0
3930164,UEFA Euro 2024,58,99.9,47.5,21.454,0.3473,0,0,1,0,0,0,0,0.09907409,0
3930164,UEFA Euro 2024,60,109.8,39.3,10.224,0.7447,0,1,1,0,0,0,1,0.10049267,0
3930164,UEFA Euro 2024,60,114.8,49.2,10.568,0.4101,0,1,0,0,0,0,0,0.08940556,0
3930164,UEFA Euro 2024,61,110.9,40.0,9.1,0.8283,0,0,1,0,0,0,0,0.195297,0
3930164,UEFA Euro 2024,66,99.7,51.7,23.43,0.2958,0,1,0,0,0,0,0,0.03400005,0
3930164,UEFA Euro 2024,75,111.6,44.8,9.675,0.7137,0,1,1,0,0,0,1,0.12313379,0
3930164,UEFA Euro 2024,77,97.5,49.6,24.462,0.2997,0,0,0,0,0,0,1,0.047570586,0
3930164,UEFA Euro 2024,79,98.6,35.1,21.954,0.3521,0,0,0,0,0,0,1,0.046634816,0
3930164,UEFA Euro 2024,79,108.7,35.8,12.055,0.61,1,0,1,0,0,0,1,0.034820676,0
3930164,UEFA Euro 2024,90,100.3,47.6,21.115,0.3514,0,0,1,0,0,0,1,0.030715866,0
3930164,UEFA Euro 2024,92,109.4,52.0,16.011,0.3392,0,0,1,0,0,0,0,0.123351954,0
3930161,UEFA Euro 2024,0,111.8,51.9,14.452,0.3279,0,0,0,0,0,0,1,0.08619496,1
3930161,UEFA Euro 2024,1,105.9,42.6,14.338,0.5368,0,1,0,0,0,0,0,0.20114782,0
3930161,UEFA Euro 2024,5,111.0,57.1,19.324,0.1988,0,0,0,0,0,0,1,0.015626727,0
3930161,UEFA Euro 2024,7,106.8,57.6,22.0,0.2219,0,0,0,0,0,0,0,0.014936902,0
3930161,UEFA Euro 2024,8,103.5,35.1,17.212,0.4402,0,1,0,0,0,0,1,0.05804902,0
3930161,UEFA Euro 2024,9,105.2,23.6,22.091,0.2458,0,0,0,0,0,0,1,0.015797285,0
3930161,UEFA Euro 2024,10,117.6,45.7,6.185,0.7119,1,0,0,1,0,0,1,0.1377708,1
3930161,UEFA Euro 2024,15,104.8,50.9,18.704,0.3493,0,0,0,0,0,0,1,0.05321112,0
3930161,UEFA Euro 2024,15,100.8,36.7,19.482,0.3998,0,1,0,0,0,0,1,0.0846303,1
3930161,UEFA Euro 2024,20,115.6,39.0,4.512,1.4476,1,0,1,0,0,0,1,0.1803363,0
3930161,UEFA Euro 2024,20,95.4,34.3,25.252,0.3066,0,1,1,0,0,0,1,0.027081154,0
3930161,UEFA Euro 2024,30,112.8,31.8,10.912,0.5096,0,1,1,0,0,0,0,0.050647445,0
3930161,UEFA Euro 2024,32,113.1,50.5,12.564,0.3711,0,1,0,0,0,0,1,0.21950644,0
3930161,UEFA Euro 2024,39,114.8,50.6,11.807,0.3252,0,0,0,1,0,0,1,0.08583342,0
3930161,UEFA Euro 2024,40,112.8,39.8,7.203,1.0137,1,0,1,0,0,0,1,0.10085189,0
3930161,UEFA Euro 2024,43,93.3,50.5,28.69,0.2587,0,0,1,0,0,0,1,0.023186801,0
3930161,UEFA Euro 2024,46,109.0,36.9,11.428,0.6548,0,0,0,0,0,0,1,0.11972189,0
3930161,UEFA Euro 2024,47,97.7,44.6,22.769,0.3412,0,1,0,0,0,0,0,0.03734544,0
3930161,UEFA Euro 2024,51,92.6,22.7,32.404,0.2089,0,0,0,0,1,0,1,0.008601317,0
3930161,UEFA Euro 2024,59,101.6,52.7,22.357,0.2953,0,0,0,0,0,0,1,0.03460156,0
3930161,UEFA Euro 2024,66,116.2,31.1,9.677,0.3732,1,0,0,0,0,0,1,0.07586851,0
3930161,UEFA Euro 2024,68,97.3,43.8,23.016,0.3398,0,1,0,0,0,0,1,0.028912615,0
3930161,UEFA Euro 2024,79,95.3,22.5,30.271,0.216,0,0,0,0,0,0,0,0.009818552,0
3930161,UEFA Euro 2024,89,114.6,51.8,12.977,0.2762,0,0,1,1,0,0,0,0.104034275,0
3930161,UEFA Euro 2024,94,100.7,25.2,24.321,0.2621,0,1,0,0,0,0,0,0.030680664,0
3930183,UEFA Euro 2024,0,99.2,37.7,20.927,0.3757,0,1,1,0,0,0,0,0.042125423,0
3930183,UEFA Euro 2024,0,94.7,52.1,28.045,0.2569,0,1,0,0,0,0,0,0.018847207,0
3930183,UEFA Euro 2024,0,105.8,41.1,14.243,0.5463,0,1,0,0,0,0,0,0.16629212,0
3930183,UEFA Euro 2024,8,108.5,45.8,12.88,0.5505,1,0,0,0,0,0,1,0.04360604,0
3930183,UEFA Euro 2024,9,104.9,42.4,15.29,0.5065,0,1,0,0,0,0,1,0.061454203,0
3930183,UEFA Euro 2024,10,106.4,27.8,18.27,0.3298,0,0,0,0,0,0,0,0.083783165,0
3930183,UEFA Euro 2024,10,109.9,53.7,17.021,0.2871,0,1,0,0,0,0,0,0.042076837,0
3930183,UEFA Euro 2024,12,85.4,26.7,37.068,0.2011,0,0,0,0,1,0,1,0.007878168,0
3930183,UEFA Euro 2024,21,112.3,37.0,8.264,0.867,0,0,0,0,0,0,1,0.12854967,0
3930183,UEFA Euro 2024,22,97.0,22.1,29.145,0.2173,0,0,0,0,0,0,1,0.010006143,0
3930183,UEFA Euro 2024,23,111.2,35.7,9.794,0.7221,1,0,0,0,0,0,0,0.10944717,1
3930183,UEFA Euro 2024,30,109.3,44.5,11.608,0.6246,0,1,1,0,0,0,1,0.087866805,0
3930183,UEFA Euro 2024,32,94.0,43.4,26.221,0.3004,0,0,0,0,0,0,0,0.03746017,0
3930183,UEFA Euro 2024,42,102.7,30.5,19.737,0.3548,0,0,0,0,0,1,0,0.045624558,0
3930183,UEFA Euro 2024,43,87.6,38.5,32.435,0.2452,0,0,0,0,0,0,0,0.016442684,0
3930183,UEFA Euro 2024,51,116.4,26.9,13.586,0.1692,0,0,0,0,0,0,0,0.012604465,0
3930183,UEFA Euro 2024,60,101.6,49.2,20.572,0.3469,0,0,0,0,0,0,0,0.052743744,0
3930183,UEFA Euro 2024,60,104.3,26.3,20.837,0.2918,0,0,0,0,0,0,0,0.058865298,0
3930183,UEFA Euro 2024,63,103.7,41.8,16.399,0.476,0,0,0,0,0,0,1,0.114570245,0
3930183,UEFA Euro 2024,64,105.1,23.6,22.158,0.2459,0,0,0,0,0,0,1,0.036418177,0
3930183,UEFA Euro 2024,75,84.5,53.0,37.805,0.1983,0,0,0,0,0,0,1,0.006518632,0
3930175,UEFA Euro 2024,1,100.4,44.1,20.024,0.3868,0,1,1,0,0,0,0,0.056764796,1
3930175,UEFA Euro 2024,2,93.6,55.2,30.463,0.2276,0,0,0,0,0,0,0,0.020378055,0
3930175,UEFA Euro 2024,4,112.5,41.9,7.737,0.9396,1,0,0,0,0,0,1,0.10383942,0
3930175,UEFA Euro 2024,10,97.9,35.9,22.477,0.3468,0,1,0,0,0,0,0,0.041907914,0
3930175,UEFA Euro 2024,12,109.4,38.9,10.657,0.7155,0,0,1,0,0,0,1,0.1279859,0
3930175,UEFA Euro 2024,17,95.2,41.2,24.829,0.3191,0,1,0,0,0,0,1,0.021880424,0
3930175,UEFA Euro 2024,17,105.6,47.5,16.236,0.4355,0,0,0,0,0,0,0,0.078508794,0
3930175,UEFA Euro 2024,18,109.5,34.6,11.807,0.5976,0,1,1,0,0,0,1,0.104912855,0
3930175,UEFA Euro 2024,20,96.8,36.4,23.478,0.3338,0,1,0,0,0,0,1,0.036989477,0
3930175,UEFA Euro 2024,23,99.7,27.7,23.736,0.2884,0,0,1,0,0,0,0,0.030926589,0
3930175,UEFA Euro 2024,30,116.0,27.9,12.744,0.2152,0,0,1,1,0,0,1,0.021825416,0
3930175,UEFA Euro 2024,30,114.9,25.6,15.276,0.1855,0,1,0,0,0,0,1,0.012732397,0
3930175,UEFA Euro 2024,32,103.5,54.0,21.639,0.284,0,0,0,0,0,0,0,0.031616453,0
3930175,UEFA Euro 2024,36,102.7,54.8,22.767,0.2688,0,0,0,0,0,0,1,0.033510946,0
3930175,UEFA Euro 2024,42,103.1,52.4,20.961,0.3091,0,0,0,0,0,0,0,0.09735306,0
3930175,UEFA Euro 2024,44,112.0,41.3,8.105,0.9106,1,0,1,0,0,0,1,0.11149162,0
3930175,UEFA Euro 2024,45,95.8,55.5,28.738,0.2346,0,0,0,0,0,0,0,0.021334786,0
3930175,UEFA Euro 2024,47,106.3,28.4,17.951,0.3437,0,0,1,0,0,0,1,0.11731382,0
3930175,UEFA Euro 2024,51,100.1,24.4,25.286,0.25,0,0,1,0,0,0,1,0.025796724,0
3930175,UEFA Euro 2024,54,101.0,40.8,19.017,0.4143,0,0,1,0,0,0,0,0.13007036,0
3930175,UEFA Euro 2024,56,97.2,31.6,24.298,0.3075,0,0,1,0,0,0,1,0.039179783,0
3930175,UEFA Euro 2024,57,105.7,50.3,17.623,0.3704,0,1,0,0,0,0,0,0.072152875,0
3930175,UEFA Euro 2024,58,111.0,45.3,10.445,0.6583,0,1,1,0,0,0,1,0.16418488,0
3930175,UEFA Euro 2024,62,110.6,27.2,15.881,0.3082,0,0,1,0,0,0,0,0.11017092,0
3930175,UEFA Euro 2024,65,109.0,43.5,11.543,0.6438,0,0,0,0,0,0,1,0.20404467,0
3930175,UEFA Euro 2024,66,94.3,30.6,27.365,0.2735,0,0,0,0,0,0,1,0.025171522,0
3930175,UEFA Euro 2024,67,107.2,46.5,14.356,0.4941,0,0,1,0,0,0,0,0.32217968,0
3930175,UEFA Euro 2024,74,83.8,29.8,37.61,0.2042,0,0,0,0,0,0,1,0.005796874,0
3930175,UEFA Euro 2024,79,106.4,44.6,14.357,0.5198,0,1,0,0,0,0,1,0.17672184,1
3930175,UEFA Euro 2024,84,105.8,34.7,15.157,0.4885,0,1,1,0,0,0,0,0.36282617,0
3930175,UEFA Euro 2024,84,112.9,29.4,12.758,0.3692,1,0,1,0,0,0,1,0.024504332,0
3930175,UEFA Euro 2024,85,109.3,54.4,17.94,0.2729,0,0,0,0,0,0,0,0.033712856,0
3930175,UEFA Euro 2024,88,114.2,51.8,13.148,0.2876,0,0,0,1,0,0,1,0.10830227,0
3930175,UEFA Euro 2024,91,90.4,46.8,30.371,0.2555,0,0,0,0,0,0,1,0.015765483,0
3930158,UEFA Euro 2024,9,101.1,42.0,19.006,0.4128,0,1,0,0,0,0,1,0.064226404,1
3930158,UEFA Euro 2024,18,106.4,35.4,14.357,0.5198,0,0,0,0,0,0,1,0.09347519,1
3930158,UEFA Euro 2024,27,101.2,41.6,18.868,0.4165,0,1,0,0,0,0,1,0.061890993,0
3930158,UEFA Euro 2024,41,111.0,43.4,9.621,0.7547,1,0,1,0,0,0,0,0.08211112,0
3930158,UEFA Euro 2024,50,82.1,44.8,38.203,0.207,0,0,0,0,0,0,0,0.006107928,0
3930158,UEFA Euro 2024,51,106.9,43.3,13.509,0.5618,1,0,1,0,0,0,1,0.07437212,0
3930158,UEFA Euro 2024,56,98.1,29.4,24.33,0.2953,0,0,0,0,0,0,1,0.030512892,0
3930158,UEFA Euro 2024,56,95.4,57.2,30.017,0.2188,0,0,0,0,0,0,1,0.01540596,0
3930158,UEFA Euro 2024,57,112.6,50.1,12.521,0.3981,0,1,0,0,0,0,1,0.11507621,0
3930158,UEFA Euro 2024,58,110.1,37.4,10.236,0.7285,0,1,0,0,0,0,0,0.13365488,0
3930158,UEFA Euro 2024,59,102.9,28.5,20.607,0.323,0,0,0,0,0,0,0,0.025077615,0
3930158,UEFA Euro 2024,59,88.9,37.2,31.226,0.2538,0,0,0,0,0,0,0,0.020383658,0
3930158,UEFA Euro 2024,63,107.5,54.1,18.843,0.2868,0,0,0,0,0,1,0,0.07334591,0
3930158,UEFA Euro 2024,65,99.2,28.8,23.624,0.2978,0,1,0,0,0,0,1,0.023070266,0
3930158,UEFA Euro 2024,67,104.1,39.3,15.915,0.4921,0,0,0,0,0,0,1,0.113960005,1
3930158,UEFA Euro 2024,79,102.8,25.6,22.432,0.2753,0,1,0,0,0,0,1,0.021256333,0
3930158,UEFA Euro 2024,82,98.9,55.4,26.122,0.2481,0,0,1,0,0,0,0,0.026378801,0
3930158,UEFA Euro 2024,85,92.6,43.3,27.598,0.2859,0,0,0,0,0,1,0,0.030833129,0
3930158,UEFA Euro 2024,86,108.8,50.0,15.015,0.4042,1,0,1,0,0,0,1,0.060525935,0
3930158,UEFA Euro 2024,92,98.5,39.4,21.508,0.3676,0,0,1,0,0,0,0,0.0499945,1
